-- MySQL dump 10.13  Distrib 5.7.17, for macos10.12 (x86_64)
--
-- Host: 127.0.0.1    Database: bigfans_order
-- ------------------------------------------------------
-- Server version	5.6.26

/*!40101 SET @OLD_CHARACTER_SET_CLIENT=@@CHARACTER_SET_CLIENT */;
/*!40101 SET @OLD_CHARACTER_SET_RESULTS=@@CHARACTER_SET_RESULTS */;
/*!40101 SET @OLD_COLLATION_CONNECTION=@@COLLATION_CONNECTION */;
/*!40101 SET NAMES utf8 */;
/*!40103 SET @OLD_TIME_ZONE=@@TIME_ZONE */;
/*!40103 SET TIME_ZONE='+00:00' */;
/*!40014 SET @OLD_UNIQUE_CHECKS=@@UNIQUE_CHECKS, UNIQUE_CHECKS=0 */;
/*!40014 SET @OLD_FOREIGN_KEY_CHECKS=@@FOREIGN_KEY_CHECKS, FOREIGN_KEY_CHECKS=0 */;
/*!40101 SET @OLD_SQL_MODE=@@SQL_MODE, SQL_MODE='NO_AUTO_VALUE_ON_ZERO' */;
/*!40111 SET @OLD_SQL_NOTES=@@SQL_NOTES, SQL_NOTES=0 */;

--
-- Table structure for table `Area`
--

DROP TABLE IF EXISTS `Area`;
/*!40101 SET @saved_cs_client     = @@character_set_client */;
/*!40101 SET character_set_client = utf8 */;
CREATE TABLE `Area` (
  `id` smallint(5) unsigned NOT NULL AUTO_INCREMENT,
  `parent_id` smallint(5) unsigned NOT NULL DEFAULT '0',
  `name` varchar(30) NOT NULL DEFAULT '',
  `type` tinyint(1) NOT NULL DEFAULT '2',
  `deleted` tinyint(1) DEFAULT '0',
  PRIMARY KEY (`id`),
  KEY `class_parent_id` (`parent_id`),
  KEY `class_type` (`type`)
) ENGINE=MyISAM AUTO_INCREMENT=3409 DEFAULT CHARSET=utf8;
/*!40101 SET character_set_client = @saved_cs_client */;

--
-- Dumping data for table `Area`
--

LOCK TABLES `Area` WRITE;
/*!40000 ALTER TABLE `Area` DISABLE KEYS */;
INSERT INTO `Area` VALUES (1,0,'中国',0,0),(2,1,'北京',1,0),(3,1,'安徽',1,0),(4,1,'福建',1,0),(5,1,'甘肃',1,0),(6,1,'广东',1,0),(7,1,'广西',1,0),(8,1,'贵州',1,0),(9,1,'海南',1,0),(10,1,'河北',1,0),(11,1,'河南',1,0),(12,1,'黑龙江',1,0),(13,1,'湖北',1,0),(14,1,'湖南',1,0),(15,1,'吉林',1,0),(16,1,'江苏',1,0),(17,1,'江西',1,0),(18,1,'辽宁',1,0),(19,1,'内蒙古',1,0),(20,1,'宁夏',1,0),(21,1,'青海',1,0),(22,1,'山东',1,0),(23,1,'山西',1,0),(24,1,'陕西',1,0),(25,1,'上海',1,0),(26,1,'四川',1,0),(27,1,'天津',1,0),(28,1,'西藏',1,0),(29,1,'新疆',1,0),(30,1,'云南',1,0),(31,1,'浙江',1,0),(32,1,'重庆',1,0),(33,1,'香港',1,0),(34,1,'澳门',1,0),(35,1,'台湾',1,0),(36,3,'安庆',2,0),(37,3,'蚌埠',2,0),(38,3,'巢湖',2,0),(39,3,'池州',2,0),(40,3,'滁州',2,0),(41,3,'阜阳',2,0),(42,3,'淮北',2,0),(43,3,'淮南',2,0),(44,3,'黄山',2,0),(45,3,'六安',2,0),(46,3,'马鞍山',2,0),(47,3,'宿州',2,0),(48,3,'铜陵',2,0),(49,3,'芜湖',2,0),(50,3,'宣城',2,0),(51,3,'亳州',2,0),(52,2,'北京',2,0),(53,4,'福州',2,0),(54,4,'龙岩',2,0),(55,4,'南平',2,0),(56,4,'宁德',2,0),(57,4,'莆田',2,0),(58,4,'泉州',2,0),(59,4,'三明',2,0),(60,4,'厦门',2,0),(61,4,'漳州',2,0),(62,5,'兰州',2,0),(63,5,'白银',2,0),(64,5,'定西',2,0),(65,5,'甘南',2,0),(66,5,'嘉峪关',2,0),(67,5,'金昌',2,0),(68,5,'酒泉',2,0),(69,5,'临夏',2,0),(70,5,'陇南',2,0),(71,5,'平凉',2,0),(72,5,'庆阳',2,0),(73,5,'天水',2,0),(74,5,'武威',2,0),(75,5,'张掖',2,0),(76,6,'广州',2,0),(77,6,'深圳',2,0),(78,6,'潮州',2,0),(79,6,'东莞',2,0),(80,6,'佛山',2,0),(81,6,'河源',2,0),(82,6,'惠州',2,0),(83,6,'江门',2,0),(84,6,'揭阳',2,0),(85,6,'茂名',2,0),(86,6,'梅州',2,0),(87,6,'清远',2,0),(88,6,'汕头',2,0),(89,6,'汕尾',2,0),(90,6,'韶关',2,0),(91,6,'阳江',2,0),(92,6,'云浮',2,0),(93,6,'湛江',2,0),(94,6,'肇庆',2,0),(95,6,'中山',2,0),(96,6,'珠海',2,0),(97,7,'南宁',2,0),(98,7,'桂林',2,0),(99,7,'百色',2,0),(100,7,'北海',2,0),(101,7,'崇左',2,0),(102,7,'防城港',2,0),(103,7,'贵港',2,0),(104,7,'河池',2,0),(105,7,'贺州',2,0),(106,7,'来宾',2,0),(107,7,'柳州',2,0),(108,7,'钦州',2,0),(109,7,'梧州',2,0),(110,7,'玉林',2,0),(111,8,'贵阳',2,0),(112,8,'安顺',2,0),(113,8,'毕节',2,0),(114,8,'六盘水',2,0),(115,8,'黔东南',2,0),(116,8,'黔南',2,0),(117,8,'黔西南',2,0),(118,8,'铜仁',2,0),(119,8,'遵义',2,0),(120,9,'海口',2,0),(121,9,'三亚',2,0),(122,9,'白沙',2,0),(123,9,'保亭',2,0),(124,9,'昌江',2,0),(125,9,'澄迈县',2,0),(126,9,'定安县',2,0),(127,9,'东方',2,0),(128,9,'乐东',2,0),(129,9,'临高县',2,0),(130,9,'陵水',2,0),(131,9,'琼海',2,0),(132,9,'琼中',2,0),(133,9,'屯昌县',2,0),(134,9,'万宁',2,0),(135,9,'文昌',2,0),(136,9,'五指山',2,0),(137,9,'儋州',2,0),(138,10,'石家庄',2,0),(139,10,'保定',2,0),(140,10,'沧州',2,0),(141,10,'承德',2,0),(142,10,'邯郸',2,0),(143,10,'衡水',2,0),(144,10,'廊坊',2,0),(145,10,'秦皇岛',2,0),(146,10,'唐山',2,0),(147,10,'邢台',2,0),(148,10,'张家口',2,0),(149,11,'郑州',2,0),(150,11,'洛阳',2,0),(151,11,'开封',2,0),(152,11,'安阳',2,0),(153,11,'鹤壁',2,0),(154,11,'济源',2,0),(155,11,'焦作',2,0),(156,11,'南阳',2,0),(157,11,'平顶山',2,0),(158,11,'三门峡',2,0),(159,11,'商丘',2,0),(160,11,'新乡',2,0),(161,11,'信阳',2,0),(162,11,'许昌',2,0),(163,11,'周口',2,0),(164,11,'驻马店',2,0),(165,11,'漯河',2,0),(166,11,'濮阳',2,0),(167,12,'哈尔滨',2,0),(168,12,'大庆',2,0),(169,12,'大兴安岭',2,0),(170,12,'鹤岗',2,0),(171,12,'黑河',2,0),(172,12,'鸡西',2,0),(173,12,'佳木斯',2,0),(174,12,'牡丹江',2,0),(175,12,'七台河',2,0),(176,12,'齐齐哈尔',2,0),(177,12,'双鸭山',2,0),(178,12,'绥化',2,0),(179,12,'伊春',2,0),(180,13,'武汉',2,0),(181,13,'仙桃',2,0),(182,13,'鄂州',2,0),(183,13,'黄冈',2,0),(184,13,'黄石',2,0),(185,13,'荆门',2,0),(186,13,'荆州',2,0),(187,13,'潜江',2,0),(188,13,'神农架林区',2,0),(189,13,'十堰',2,0),(190,13,'随州',2,0),(191,13,'天门',2,0),(192,13,'咸宁',2,0),(193,13,'襄樊',2,0),(194,13,'孝感',2,0),(195,13,'宜昌',2,0),(196,13,'恩施',2,0),(197,14,'长沙',2,0),(198,14,'张家界',2,0),(199,14,'常德',2,0),(200,14,'郴州',2,0),(201,14,'衡阳',2,0),(202,14,'怀化',2,0),(203,14,'娄底',2,0),(204,14,'邵阳',2,0),(205,14,'湘潭',2,0),(206,14,'湘西',2,0),(207,14,'益阳',2,0),(208,14,'永州',2,0),(209,14,'岳阳',2,0),(210,14,'株洲',2,0),(211,15,'长春',2,0),(212,15,'吉林',2,0),(213,15,'白城',2,0),(214,15,'白山',2,0),(215,15,'辽源',2,0),(216,15,'四平',2,0),(217,15,'松原',2,0),(218,15,'通化',2,0),(219,15,'延边',2,0),(220,16,'南京',2,0),(221,16,'苏州',2,0),(222,16,'无锡',2,0),(223,16,'常州',2,0),(224,16,'淮安',2,0),(225,16,'连云港',2,0),(226,16,'南通',2,0),(227,16,'宿迁',2,0),(228,16,'泰州',2,0),(229,16,'徐州',2,0),(230,16,'盐城',2,0),(231,16,'扬州',2,0),(232,16,'镇江',2,0),(233,17,'南昌',2,0),(234,17,'抚州',2,0),(235,17,'赣州',2,0),(236,17,'吉安',2,0),(237,17,'景德镇',2,0),(238,17,'九江',2,0),(239,17,'萍乡',2,0),(240,17,'上饶',2,0),(241,17,'新余',2,0),(242,17,'宜春',2,0),(243,17,'鹰潭',2,0),(244,18,'沈阳',2,0),(245,18,'大连',2,0),(246,18,'鞍山',2,0),(247,18,'本溪',2,0),(248,18,'朝阳',2,0),(249,18,'丹东',2,0),(250,18,'抚顺',2,0),(251,18,'阜新',2,0),(252,18,'葫芦岛',2,0),(253,18,'锦州',2,0),(254,18,'辽阳',2,0),(255,18,'盘锦',2,0),(256,18,'铁岭',2,0),(257,18,'营口',2,0),(258,19,'呼和浩特',2,0),(259,19,'阿拉善盟',2,0),(260,19,'巴彦淖尔盟',2,0),(261,19,'包头',2,0),(262,19,'赤峰',2,0),(263,19,'鄂尔多斯',2,0),(264,19,'呼伦贝尔',2,0),(265,19,'通辽',2,0),(266,19,'乌海',2,0),(267,19,'乌兰察布市',2,0),(268,19,'锡林郭勒盟',2,0),(269,19,'兴安盟',2,0),(270,20,'银川',2,0),(271,20,'固原',2,0),(272,20,'石嘴山',2,0),(273,20,'吴忠',2,0),(274,20,'中卫',2,0),(275,21,'西宁',2,0),(276,21,'果洛',2,0),(277,21,'海北',2,0),(278,21,'海东',2,0),(279,21,'海南',2,0),(280,21,'海西',2,0),(281,21,'黄南',2,0),(282,21,'玉树',2,0),(283,22,'济南',2,0),(284,22,'青岛',2,0),(285,22,'滨州',2,0),(286,22,'德州',2,0),(287,22,'东营',2,0),(288,22,'菏泽',2,0),(289,22,'济宁',2,0),(290,22,'莱芜',2,0),(291,22,'聊城',2,0),(292,22,'临沂',2,0),(293,22,'日照',2,0),(294,22,'泰安',2,0),(295,22,'威海',2,0),(296,22,'潍坊',2,0),(297,22,'烟台',2,0),(298,22,'枣庄',2,0),(299,22,'淄博',2,0),(300,23,'太原',2,0),(301,23,'长治',2,0),(302,23,'大同',2,0),(303,23,'晋城',2,0),(304,23,'晋中',2,0),(305,23,'临汾',2,0),(306,23,'吕梁',2,0),(307,23,'朔州',2,0),(308,23,'忻州',2,0),(309,23,'阳泉',2,0),(310,23,'运城',2,0),(311,24,'西安',2,0),(312,24,'安康',2,0),(313,24,'宝鸡',2,0),(314,24,'汉中',2,0),(315,24,'商洛',2,0),(316,24,'铜川',2,0),(317,24,'渭南',2,0),(318,24,'咸阳',2,0),(319,24,'延安',2,0),(320,24,'榆林',2,0),(321,25,'上海',2,0),(322,26,'成都',2,0),(323,26,'绵阳',2,0),(324,26,'阿坝',2,0),(325,26,'巴中',2,0),(326,26,'达州',2,0),(327,26,'德阳',2,0),(328,26,'甘孜',2,0),(329,26,'广安',2,0),(330,26,'广元',2,0),(331,26,'乐山',2,0),(332,26,'凉山',2,0),(333,26,'眉山',2,0),(334,26,'南充',2,0),(335,26,'内江',2,0),(336,26,'攀枝花',2,0),(337,26,'遂宁',2,0),(338,26,'雅安',2,0),(339,26,'宜宾',2,0),(340,26,'资阳',2,0),(341,26,'自贡',2,0),(342,26,'泸州',2,0),(343,27,'天津',2,0),(344,28,'拉萨',2,0),(345,28,'阿里',2,0),(346,28,'昌都',2,0),(347,28,'林芝',2,0),(348,28,'那曲',2,0),(349,28,'日喀则',2,0),(350,28,'山南',2,0),(351,29,'乌鲁木齐',2,0),(352,29,'阿克苏',2,0),(353,29,'阿拉尔',2,0),(354,29,'巴音郭楞',2,0),(355,29,'博尔塔拉',2,0),(356,29,'昌吉',2,0),(357,29,'哈密',2,0),(358,29,'和田',2,0),(359,29,'喀什',2,0),(360,29,'克拉玛依',2,0),(361,29,'克孜勒苏',2,0),(362,29,'石河子',2,0),(363,29,'图木舒克',2,0),(364,29,'吐鲁番',2,0),(365,29,'五家渠',2,0),(366,29,'伊犁',2,0),(367,30,'昆明',2,0),(368,30,'怒江',2,0),(369,30,'普洱',2,0),(370,30,'丽江',2,0),(371,30,'保山',2,0),(372,30,'楚雄',2,0),(373,30,'大理',2,0),(374,30,'德宏',2,0),(375,30,'迪庆',2,0),(376,30,'红河',2,0),(377,30,'临沧',2,0),(378,30,'曲靖',2,0),(379,30,'文山',2,0),(380,30,'西双版纳',2,0),(381,30,'玉溪',2,0),(382,30,'昭通',2,0),(383,31,'杭州',2,0),(384,31,'湖州',2,0),(385,31,'嘉兴',2,0),(386,31,'金华',2,0),(387,31,'丽水',2,0),(388,31,'宁波',2,0),(389,31,'绍兴',2,0),(390,31,'台州',2,0),(391,31,'温州',2,0),(392,31,'舟山',2,0),(393,31,'衢州',2,0),(394,32,'重庆',2,0),(395,33,'香港',2,0),(396,34,'澳门',2,0),(397,35,'台湾',2,0),(398,36,'迎江区',3,0),(399,36,'大观区',3,0),(400,36,'宜秀区',3,0),(401,36,'桐城市',3,0),(402,36,'怀宁县',3,0),(403,36,'枞阳县',3,0),(404,36,'潜山县',3,0),(405,36,'太湖县',3,0),(406,36,'宿松县',3,0),(407,36,'望江县',3,0),(408,36,'岳西县',3,0),(409,37,'中市区',3,0),(410,37,'东市区',3,0),(411,37,'西市区',3,0),(412,37,'郊区',3,0),(413,37,'怀远县',3,0),(414,37,'五河县',3,0),(415,37,'固镇县',3,0),(416,38,'居巢区',3,0),(417,38,'庐江县',3,0),(418,38,'无为县',3,0),(419,38,'含山县',3,0),(420,38,'和县',3,0),(421,39,'贵池区',3,0),(422,39,'东至县',3,0),(423,39,'石台县',3,0),(424,39,'青阳县',3,0),(425,40,'琅琊区',3,0),(426,40,'南谯区',3,0),(427,40,'天长市',3,0),(428,40,'明光市',3,0),(429,40,'来安县',3,0),(430,40,'全椒县',3,0),(431,40,'定远县',3,0),(432,40,'凤阳县',3,0),(433,41,'蚌山区',3,0),(434,41,'龙子湖区',3,0),(435,41,'禹会区',3,0),(436,41,'淮上区',3,0),(437,41,'颍州区',3,0),(438,41,'颍东区',3,0),(439,41,'颍泉区',3,0),(440,41,'界首市',3,0),(441,41,'临泉县',3,0),(442,41,'太和县',3,0),(443,41,'阜南县',3,0),(444,41,'颖上县',3,0),(445,42,'相山区',3,0),(446,42,'杜集区',3,0),(447,42,'烈山区',3,0),(448,42,'濉溪县',3,0),(449,43,'田家庵区',3,0),(450,43,'大通区',3,0),(451,43,'谢家集区',3,0),(452,43,'八公山区',3,0),(453,43,'潘集区',3,0),(454,43,'凤台县',3,0),(455,44,'屯溪区',3,0),(456,44,'黄山区',3,0),(457,44,'徽州区',3,0),(458,44,'歙县',3,0),(459,44,'休宁县',3,0),(460,44,'黟县',3,0),(461,44,'祁门县',3,0),(462,45,'金安区',3,0),(463,45,'裕安区',3,0),(464,45,'寿县',3,0),(465,45,'霍邱县',3,0),(466,45,'舒城县',3,0),(467,45,'金寨县',3,0),(468,45,'霍山县',3,0),(469,46,'雨山区',3,0),(470,46,'花山区',3,0),(471,46,'金家庄区',3,0),(472,46,'当涂县',3,0),(473,47,'埇桥区',3,0),(474,47,'砀山县',3,0),(475,47,'萧县',3,0),(476,47,'灵璧县',3,0),(477,47,'泗县',3,0),(478,48,'铜官山区',3,0),(479,48,'狮子山区',3,0),(480,48,'郊区',3,0),(481,48,'铜陵县',3,0),(482,49,'镜湖区',3,0),(483,49,'弋江区',3,0),(484,49,'鸠江区',3,0),(485,49,'三山区',3,0),(486,49,'芜湖县',3,0),(487,49,'繁昌县',3,0),(488,49,'南陵县',3,0),(489,50,'宣州区',3,0),(490,50,'宁国市',3,0),(491,50,'郎溪县',3,0),(492,50,'广德县',3,0),(493,50,'泾县',3,0),(494,50,'绩溪县',3,0),(495,50,'旌德县',3,0),(496,51,'涡阳县',3,0),(497,51,'蒙城县',3,0),(498,51,'利辛县',3,0),(499,51,'谯城区',3,0),(500,52,'东城区',3,0),(501,52,'西城区',3,0),(502,52,'海淀区',3,0),(503,52,'朝阳区',3,0),(504,52,'崇文区',3,0),(505,52,'宣武区',3,0),(506,52,'丰台区',3,0),(507,52,'石景山区',3,0),(508,52,'房山区',3,0),(509,52,'门头沟区',3,0),(510,52,'通州区',3,0),(511,52,'顺义区',3,0),(512,52,'昌平区',3,0),(513,52,'怀柔区',3,0),(514,52,'平谷区',3,0),(515,52,'大兴区',3,0),(516,52,'密云县',3,0),(517,52,'延庆县',3,0),(518,53,'鼓楼区',3,0),(519,53,'台江区',3,0),(520,53,'仓山区',3,0),(521,53,'马尾区',3,0),(522,53,'晋安区',3,0),(523,53,'福清市',3,0),(524,53,'长乐市',3,0),(525,53,'闽侯县',3,0),(526,53,'连江县',3,0),(527,53,'罗源县',3,0),(528,53,'闽清县',3,0),(529,53,'永泰县',3,0),(530,53,'平潭县',3,0),(531,54,'新罗区',3,0),(532,54,'漳平市',3,0),(533,54,'长汀县',3,0),(534,54,'永定县',3,0),(535,54,'上杭县',3,0),(536,54,'武平县',3,0),(537,54,'连城县',3,0),(538,55,'延平区',3,0),(539,55,'邵武市',3,0),(540,55,'武夷山市',3,0),(541,55,'建瓯市',3,0),(542,55,'建阳市',3,0),(543,55,'顺昌县',3,0),(544,55,'浦城县',3,0),(545,55,'光泽县',3,0),(546,55,'松溪县',3,0),(547,55,'政和县',3,0),(548,56,'蕉城区',3,0),(549,56,'福安市',3,0),(550,56,'福鼎市',3,0),(551,56,'霞浦县',3,0),(552,56,'古田县',3,0),(553,56,'屏南县',3,0),(554,56,'寿宁县',3,0),(555,56,'周宁县',3,0),(556,56,'柘荣县',3,0),(557,57,'城厢区',3,0),(558,57,'涵江区',3,0),(559,57,'荔城区',3,0),(560,57,'秀屿区',3,0),(561,57,'仙游县',3,0),(562,58,'鲤城区',3,0),(563,58,'丰泽区',3,0),(564,58,'洛江区',3,0),(565,58,'清濛开发区',3,0),(566,58,'泉港区',3,0),(567,58,'石狮市',3,0),(568,58,'晋江市',3,0),(569,58,'南安市',3,0),(570,58,'惠安县',3,0),(571,58,'安溪县',3,0),(572,58,'永春县',3,0),(573,58,'德化县',3,0),(574,58,'金门县',3,0),(575,59,'梅列区',3,0),(576,59,'三元区',3,0),(577,59,'永安市',3,0),(578,59,'明溪县',3,0),(579,59,'清流县',3,0),(580,59,'宁化县',3,0),(581,59,'大田县',3,0),(582,59,'尤溪县',3,0),(583,59,'沙县',3,0),(584,59,'将乐县',3,0),(585,59,'泰宁县',3,0),(586,59,'建宁县',3,0),(587,60,'思明区',3,0),(588,60,'海沧区',3,0),(589,60,'湖里区',3,0),(590,60,'集美区',3,0),(591,60,'同安区',3,0),(592,60,'翔安区',3,0),(593,61,'芗城区',3,0),(594,61,'龙文区',3,0),(595,61,'龙海市',3,0),(596,61,'云霄县',3,0),(597,61,'漳浦县',3,0),(598,61,'诏安县',3,0),(599,61,'长泰县',3,0),(600,61,'东山县',3,0),(601,61,'南靖县',3,0),(602,61,'平和县',3,0),(603,61,'华安县',3,0),(604,62,'皋兰县',3,0),(605,62,'城关区',3,0),(606,62,'七里河区',3,0),(607,62,'西固区',3,0),(608,62,'安宁区',3,0),(609,62,'红古区',3,0),(610,62,'永登县',3,0),(611,62,'榆中县',3,0),(612,63,'白银区',3,0),(613,63,'平川区',3,0),(614,63,'会宁县',3,0),(615,63,'景泰县',3,0),(616,63,'靖远县',3,0),(617,64,'临洮县',3,0),(618,64,'陇西县',3,0),(619,64,'通渭县',3,0),(620,64,'渭源县',3,0),(621,64,'漳县',3,0),(622,64,'岷县',3,0),(623,64,'安定区',3,0),(624,64,'安定区',3,0),(625,65,'合作市',3,0),(626,65,'临潭县',3,0),(627,65,'卓尼县',3,0),(628,65,'舟曲县',3,0),(629,65,'迭部县',3,0),(630,65,'玛曲县',3,0),(631,65,'碌曲县',3,0),(632,65,'夏河县',3,0),(633,66,'嘉峪关市',3,0),(634,67,'金川区',3,0),(635,67,'永昌县',3,0),(636,68,'肃州区',3,0),(637,68,'玉门市',3,0),(638,68,'敦煌市',3,0),(639,68,'金塔县',3,0),(640,68,'瓜州县',3,0),(641,68,'肃北',3,0),(642,68,'阿克塞',3,0),(643,69,'临夏市',3,0),(644,69,'临夏县',3,0),(645,69,'康乐县',3,0),(646,69,'永靖县',3,0),(647,69,'广河县',3,0),(648,69,'和政县',3,0),(649,69,'东乡族自治县',3,0),(650,69,'积石山',3,0),(651,70,'成县',3,0),(652,70,'徽县',3,0),(653,70,'康县',3,0),(654,70,'礼县',3,0),(655,70,'两当县',3,0),(656,70,'文县',3,0),(657,70,'西和县',3,0),(658,70,'宕昌县',3,0),(659,70,'武都区',3,0),(660,71,'崇信县',3,0),(661,71,'华亭县',3,0),(662,71,'静宁县',3,0),(663,71,'灵台县',3,0),(664,71,'崆峒区',3,0),(665,71,'庄浪县',3,0),(666,71,'泾川县',3,0),(667,72,'合水县',3,0),(668,72,'华池县',3,0),(669,72,'环县',3,0),(670,72,'宁县',3,0),(671,72,'庆城县',3,0),(672,72,'西峰区',3,0),(673,72,'镇原县',3,0),(674,72,'正宁县',3,0),(675,73,'甘谷县',3,0),(676,73,'秦安县',3,0),(677,73,'清水县',3,0),(678,73,'秦州区',3,0),(679,73,'麦积区',3,0),(680,73,'武山县',3,0),(681,73,'张家川',3,0),(682,74,'古浪县',3,0),(683,74,'民勤县',3,0),(684,74,'天祝',3,0),(685,74,'凉州区',3,0),(686,75,'高台县',3,0),(687,75,'临泽县',3,0),(688,75,'民乐县',3,0),(689,75,'山丹县',3,0),(690,75,'肃南',3,0),(691,75,'甘州区',3,0),(692,76,'从化市',3,0),(693,76,'天河区',3,0),(694,76,'东山区',3,0),(695,76,'白云区',3,0),(696,76,'海珠区',3,0),(697,76,'荔湾区',3,0),(698,76,'越秀区',3,0),(699,76,'黄埔区',3,0),(700,76,'番禺区',3,0),(701,76,'花都区',3,0),(702,76,'增城区',3,0),(703,76,'从化区',3,0),(704,76,'市郊',3,0),(705,77,'福田区',3,0),(706,77,'罗湖区',3,0),(707,77,'南山区',3,0),(708,77,'宝安区',3,0),(709,77,'龙岗区',3,0),(710,77,'盐田区',3,0),(711,78,'湘桥区',3,0),(712,78,'潮安县',3,0),(713,78,'饶平县',3,0),(714,79,'南城区',3,0),(715,79,'东城区',3,0),(716,79,'万江区',3,0),(717,79,'莞城区',3,0),(718,79,'石龙镇',3,0),(719,79,'虎门镇',3,0),(720,79,'麻涌镇',3,0),(721,79,'道滘镇',3,0),(722,79,'石碣镇',3,0),(723,79,'沙田镇',3,0),(724,79,'望牛墩镇',3,0),(725,79,'洪梅镇',3,0),(726,79,'茶山镇',3,0),(727,79,'寮步镇',3,0),(728,79,'大岭山镇',3,0),(729,79,'大朗镇',3,0),(730,79,'黄江镇',3,0),(731,79,'樟木头',3,0),(732,79,'凤岗镇',3,0),(733,79,'塘厦镇',3,0),(734,79,'谢岗镇',3,0),(735,79,'厚街镇',3,0),(736,79,'清溪镇',3,0),(737,79,'常平镇',3,0),(738,79,'桥头镇',3,0),(739,79,'横沥镇',3,0),(740,79,'东坑镇',3,0),(741,79,'企石镇',3,0),(742,79,'石排镇',3,0),(743,79,'长安镇',3,0),(744,79,'中堂镇',3,0),(745,79,'高埗镇',3,0),(746,80,'禅城区',3,0),(747,80,'南海区',3,0),(748,80,'顺德区',3,0),(749,80,'三水区',3,0),(750,80,'高明区',3,0),(751,81,'东源县',3,0),(752,81,'和平县',3,0),(753,81,'源城区',3,0),(754,81,'连平县',3,0),(755,81,'龙川县',3,0),(756,81,'紫金县',3,0),(757,82,'惠阳区',3,0),(758,82,'惠城区',3,0),(759,82,'大亚湾',3,0),(760,82,'博罗县',3,0),(761,82,'惠东县',3,0),(762,82,'龙门县',3,0),(763,83,'江海区',3,0),(764,83,'蓬江区',3,0),(765,83,'新会区',3,0),(766,83,'台山市',3,0),(767,83,'开平市',3,0),(768,83,'鹤山市',3,0),(769,83,'恩平市',3,0),(770,84,'榕城区',3,0),(771,84,'普宁市',3,0),(772,84,'揭东县',3,0),(773,84,'揭西县',3,0),(774,84,'惠来县',3,0),(775,85,'茂南区',3,0),(776,85,'茂港区',3,0),(777,85,'高州市',3,0),(778,85,'化州市',3,0),(779,85,'信宜市',3,0),(780,85,'电白县',3,0),(781,86,'梅县',3,0),(782,86,'梅江区',3,0),(783,86,'兴宁市',3,0),(784,86,'大埔县',3,0),(785,86,'丰顺县',3,0),(786,86,'五华县',3,0),(787,86,'平远县',3,0),(788,86,'蕉岭县',3,0),(789,87,'清城区',3,0),(790,87,'英德市',3,0),(791,87,'连州市',3,0),(792,87,'佛冈县',3,0),(793,87,'阳山县',3,0),(794,87,'清新县',3,0),(795,87,'连山',3,0),(796,87,'连南',3,0),(797,88,'南澳县',3,0),(798,88,'潮阳区',3,0),(799,88,'澄海区',3,0),(800,88,'龙湖区',3,0),(801,88,'金平区',3,0),(802,88,'濠江区',3,0),(803,88,'潮南区',3,0),(804,89,'城区',3,0),(805,89,'陆丰市',3,0),(806,89,'海丰县',3,0),(807,89,'陆河县',3,0),(808,90,'曲江县',3,0),(809,90,'浈江区',3,0),(810,90,'武江区',3,0),(811,90,'曲江区',3,0),(812,90,'乐昌市',3,0),(813,90,'南雄市',3,0),(814,90,'始兴县',3,0),(815,90,'仁化县',3,0),(816,90,'翁源县',3,0),(817,90,'新丰县',3,0),(818,90,'乳源',3,0),(819,91,'江城区',3,0),(820,91,'阳春市',3,0),(821,91,'阳西县',3,0),(822,91,'阳东县',3,0),(823,92,'云城区',3,0),(824,92,'罗定市',3,0),(825,92,'新兴县',3,0),(826,92,'郁南县',3,0),(827,92,'云安县',3,0),(828,93,'赤坎区',3,0),(829,93,'霞山区',3,0),(830,93,'坡头区',3,0),(831,93,'麻章区',3,0),(832,93,'廉江市',3,0),(833,93,'雷州市',3,0),(834,93,'吴川市',3,0),(835,93,'遂溪县',3,0),(836,93,'徐闻县',3,0),(837,94,'肇庆市',3,0),(838,94,'高要市',3,0),(839,94,'四会市',3,0),(840,94,'广宁县',3,0),(841,94,'怀集县',3,0),(842,94,'封开县',3,0),(843,94,'德庆县',3,0),(844,95,'石岐街道',3,0),(845,95,'东区街道',3,0),(846,95,'西区街道',3,0),(847,95,'环城街道',3,0),(848,95,'中山港街道',3,0),(849,95,'五桂山街道',3,0),(850,96,'香洲区',3,0),(851,96,'斗门区',3,0),(852,96,'金湾区',3,0),(853,97,'邕宁区',3,0),(854,97,'青秀区',3,0),(855,97,'兴宁区',3,0),(856,97,'良庆区',3,0),(857,97,'西乡塘区',3,0),(858,97,'江南区',3,0),(859,97,'武鸣县',3,0),(860,97,'隆安县',3,0),(861,97,'马山县',3,0),(862,97,'上林县',3,0),(863,97,'宾阳县',3,0),(864,97,'横县',3,0),(865,98,'秀峰区',3,0),(866,98,'叠彩区',3,0),(867,98,'象山区',3,0),(868,98,'七星区',3,0),(869,98,'雁山区',3,0),(870,98,'阳朔县',3,0),(871,98,'临桂县',3,0),(872,98,'灵川县',3,0),(873,98,'全州县',3,0),(874,98,'平乐县',3,0),(875,98,'兴安县',3,0),(876,98,'灌阳县',3,0),(877,98,'荔浦县',3,0),(878,98,'资源县',3,0),(879,98,'永福县',3,0),(880,98,'龙胜',3,0),(881,98,'恭城',3,0),(882,99,'右江区',3,0),(883,99,'凌云县',3,0),(884,99,'平果县',3,0),(885,99,'西林县',3,0),(886,99,'乐业县',3,0),(887,99,'德保县',3,0),(888,99,'田林县',3,0),(889,99,'田阳县',3,0),(890,99,'靖西县',3,0),(891,99,'田东县',3,0),(892,99,'那坡县',3,0),(893,99,'隆林',3,0),(894,100,'海城区',3,0),(895,100,'银海区',3,0),(896,100,'铁山港区',3,0),(897,100,'合浦县',3,0),(898,101,'江州区',3,0),(899,101,'凭祥市',3,0),(900,101,'宁明县',3,0),(901,101,'扶绥县',3,0),(902,101,'龙州县',3,0),(903,101,'大新县',3,0),(904,101,'天等县',3,0),(905,102,'港口区',3,0),(906,102,'防城区',3,0),(907,102,'东兴市',3,0),(908,102,'上思县',3,0),(909,103,'港北区',3,0),(910,103,'港南区',3,0),(911,103,'覃塘区',3,0),(912,103,'桂平市',3,0),(913,103,'平南县',3,0),(914,104,'金城江区',3,0),(915,104,'宜州市',3,0),(916,104,'天峨县',3,0),(917,104,'凤山县',3,0),(918,104,'南丹县',3,0),(919,104,'东兰县',3,0),(920,104,'都安',3,0),(921,104,'罗城',3,0),(922,104,'巴马',3,0),(923,104,'环江',3,0),(924,104,'大化',3,0),(925,105,'八步区',3,0),(926,105,'钟山县',3,0),(927,105,'昭平县',3,0),(928,105,'富川',3,0),(929,106,'兴宾区',3,0),(930,106,'合山市',3,0),(931,106,'象州县',3,0),(932,106,'武宣县',3,0),(933,106,'忻城县',3,0),(934,106,'金秀',3,0),(935,107,'城中区',3,0),(936,107,'鱼峰区',3,0),(937,107,'柳北区',3,0),(938,107,'柳南区',3,0),(939,107,'柳江县',3,0),(940,107,'柳城县',3,0),(941,107,'鹿寨县',3,0),(942,107,'融安县',3,0),(943,107,'融水',3,0),(944,107,'三江',3,0),(945,108,'钦南区',3,0),(946,108,'钦北区',3,0),(947,108,'灵山县',3,0),(948,108,'浦北县',3,0),(949,109,'万秀区',3,0),(950,109,'蝶山区',3,0),(951,109,'长洲区',3,0),(952,109,'岑溪市',3,0),(953,109,'苍梧县',3,0),(954,109,'藤县',3,0),(955,109,'蒙山县',3,0),(956,110,'玉州区',3,0),(957,110,'北流市',3,0),(958,110,'容县',3,0),(959,110,'陆川县',3,0),(960,110,'博白县',3,0),(961,110,'兴业县',3,0),(962,111,'南明区',3,0),(963,111,'云岩区',3,0),(964,111,'花溪区',3,0),(965,111,'乌当区',3,0),(966,111,'白云区',3,0),(967,111,'小河区',3,0),(968,111,'金阳新区',3,0),(969,111,'新天园区',3,0),(970,111,'清镇市',3,0),(971,111,'开阳县',3,0),(972,111,'修文县',3,0),(973,111,'息烽县',3,0),(974,112,'西秀区',3,0),(975,112,'关岭',3,0),(976,112,'镇宁',3,0),(977,112,'紫云',3,0),(978,112,'平坝县',3,0),(979,112,'普定县',3,0),(980,113,'毕节市',3,0),(981,113,'大方县',3,0),(982,113,'黔西县',3,0),(983,113,'金沙县',3,0),(984,113,'织金县',3,0),(985,113,'纳雍县',3,0),(986,113,'赫章县',3,0),(987,113,'威宁',3,0),(988,114,'钟山区',3,0),(989,114,'六枝特区',3,0),(990,114,'水城县',3,0),(991,114,'盘县',3,0),(992,115,'凯里市',3,0),(993,115,'黄平县',3,0),(994,115,'施秉县',3,0),(995,115,'三穗县',3,0),(996,115,'镇远县',3,0),(997,115,'岑巩县',3,0),(998,115,'天柱县',3,0),(999,115,'锦屏县',3,0),(1000,115,'剑河县',3,0),(1001,115,'台江县',3,0),(1002,115,'黎平县',3,0),(1003,115,'榕江县',3,0),(1004,115,'从江县',3,0),(1005,115,'雷山县',3,0),(1006,115,'麻江县',3,0),(1007,115,'丹寨县',3,0),(1008,116,'都匀市',3,0),(1009,116,'福泉市',3,0),(1010,116,'荔波县',3,0),(1011,116,'贵定县',3,0),(1012,116,'瓮安县',3,0),(1013,116,'独山县',3,0),(1014,116,'平塘县',3,0),(1015,116,'罗甸县',3,0),(1016,116,'长顺县',3,0),(1017,116,'龙里县',3,0),(1018,116,'惠水县',3,0),(1019,116,'三都',3,0),(1020,117,'兴义市',3,0),(1021,117,'兴仁县',3,0),(1022,117,'普安县',3,0),(1023,117,'晴隆县',3,0),(1024,117,'贞丰县',3,0),(1025,117,'望谟县',3,0),(1026,117,'册亨县',3,0),(1027,117,'安龙县',3,0),(1028,118,'铜仁市',3,0),(1029,118,'江口县',3,0),(1030,118,'石阡县',3,0),(1031,118,'思南县',3,0),(1032,118,'德江县',3,0),(1033,118,'玉屏',3,0),(1034,118,'印江',3,0),(1035,118,'沿河',3,0),(1036,118,'松桃',3,0),(1037,118,'万山特区',3,0),(1038,119,'红花岗区',3,0),(1039,119,'务川县',3,0),(1040,119,'道真县',3,0),(1041,119,'汇川区',3,0),(1042,119,'赤水市',3,0),(1043,119,'仁怀市',3,0),(1044,119,'遵义县',3,0),(1045,119,'桐梓县',3,0),(1046,119,'绥阳县',3,0),(1047,119,'正安县',3,0),(1048,119,'凤冈县',3,0),(1049,119,'湄潭县',3,0),(1050,119,'余庆县',3,0),(1051,119,'习水县',3,0),(1052,119,'道真',3,0),(1053,119,'务川',3,0),(1054,120,'秀英区',3,0),(1055,120,'龙华区',3,0),(1056,120,'琼山区',3,0),(1057,120,'美兰区',3,0),(1058,137,'市区',3,0),(1059,137,'洋浦开发区',3,0),(1060,137,'那大镇',3,0),(1061,137,'王五镇',3,0),(1062,137,'雅星镇',3,0),(1063,137,'大成镇',3,0),(1064,137,'中和镇',3,0),(1065,137,'峨蔓镇',3,0),(1066,137,'南丰镇',3,0),(1067,137,'白马井镇',3,0),(1068,137,'兰洋镇',3,0),(1069,137,'和庆镇',3,0),(1070,137,'海头镇',3,0),(1071,137,'排浦镇',3,0),(1072,137,'东成镇',3,0),(1073,137,'光村镇',3,0),(1074,137,'木棠镇',3,0),(1075,137,'新州镇',3,0),(1076,137,'三都镇',3,0),(1077,137,'其他',3,0),(1078,138,'长安区',3,0),(1079,138,'桥东区',3,0),(1080,138,'桥西区',3,0),(1081,138,'新华区',3,0),(1082,138,'裕华区',3,0),(1083,138,'井陉矿区',3,0),(1084,138,'高新区',3,0),(1085,138,'辛集市',3,0),(1086,138,'藁城市',3,0),(1087,138,'晋州市',3,0),(1088,138,'新乐市',3,0),(1089,138,'鹿泉市',3,0),(1090,138,'井陉县',3,0),(1091,138,'正定县',3,0),(1092,138,'栾城县',3,0),(1093,138,'行唐县',3,0),(1094,138,'灵寿县',3,0),(1095,138,'高邑县',3,0),(1096,138,'深泽县',3,0),(1097,138,'赞皇县',3,0),(1098,138,'无极县',3,0),(1099,138,'平山县',3,0),(1100,138,'元氏县',3,0),(1101,138,'赵县',3,0),(1102,139,'新市区',3,0),(1103,139,'南市区',3,0),(1104,139,'北市区',3,0),(1105,139,'涿州市',3,0),(1106,139,'定州市',3,0),(1107,139,'安国市',3,0),(1108,139,'高碑店市',3,0),(1109,139,'满城县',3,0),(1110,139,'清苑县',3,0),(1111,139,'涞水县',3,0),(1112,139,'阜平县',3,0),(1113,139,'徐水县',3,0),(1114,139,'定兴县',3,0),(1115,139,'唐县',3,0),(1116,139,'高阳县',3,0),(1117,139,'容城县',3,0),(1118,139,'涞源县',3,0),(1119,139,'望都县',3,0),(1120,139,'安新县',3,0),(1121,139,'易县',3,0),(1122,139,'曲阳县',3,0),(1123,139,'蠡县',3,0),(1124,139,'顺平县',3,0),(1125,139,'博野县',3,0),(1126,139,'雄县',3,0),(1127,140,'运河区',3,0),(1128,140,'新华区',3,0),(1129,140,'泊头市',3,0),(1130,140,'任丘市',3,0),(1131,140,'黄骅市',3,0),(1132,140,'河间市',3,0),(1133,140,'沧县',3,0),(1134,140,'青县',3,0),(1135,140,'东光县',3,0),(1136,140,'海兴县',3,0),(1137,140,'盐山县',3,0),(1138,140,'肃宁县',3,0),(1139,140,'南皮县',3,0),(1140,140,'吴桥县',3,0),(1141,140,'献县',3,0),(1142,140,'孟村',3,0),(1143,141,'双桥区',3,0),(1144,141,'双滦区',3,0),(1145,141,'鹰手营子矿区',3,0),(1146,141,'承德县',3,0),(1147,141,'兴隆县',3,0),(1148,141,'平泉县',3,0),(1149,141,'滦平县',3,0),(1150,141,'隆化县',3,0),(1151,141,'丰宁',3,0),(1152,141,'宽城',3,0),(1153,141,'围场',3,0),(1154,142,'从台区',3,0),(1155,142,'复兴区',3,0),(1156,142,'邯山区',3,0),(1157,142,'峰峰矿区',3,0),(1158,142,'武安市',3,0),(1159,142,'邯郸县',3,0),(1160,142,'临漳县',3,0),(1161,142,'成安县',3,0),(1162,142,'大名县',3,0),(1163,142,'涉县',3,0),(1164,142,'磁县',3,0),(1165,142,'肥乡县',3,0),(1166,142,'永年县',3,0),(1167,142,'邱县',3,0),(1168,142,'鸡泽县',3,0),(1169,142,'广平县',3,0),(1170,142,'馆陶县',3,0),(1171,142,'魏县',3,0),(1172,142,'曲周县',3,0),(1173,143,'桃城区',3,0),(1174,143,'冀州市',3,0),(1175,143,'深州市',3,0),(1176,143,'枣强县',3,0),(1177,143,'武邑县',3,0),(1178,143,'武强县',3,0),(1179,143,'饶阳县',3,0),(1180,143,'安平县',3,0),(1181,143,'故城县',3,0),(1182,143,'景县',3,0),(1183,143,'阜城县',3,0),(1184,144,'安次区',3,0),(1185,144,'广阳区',3,0),(1186,144,'霸州市',3,0),(1187,144,'三河市',3,0),(1188,144,'固安县',3,0),(1189,144,'永清县',3,0),(1190,144,'香河县',3,0),(1191,144,'大城县',3,0),(1192,144,'文安县',3,0),(1193,144,'大厂',3,0),(1194,145,'海港区',3,0),(1195,145,'山海关区',3,0),(1196,145,'北戴河区',3,0),(1197,145,'昌黎县',3,0),(1198,145,'抚宁县',3,0),(1199,145,'卢龙县',3,0),(1200,145,'青龙',3,0),(1201,146,'路北区',3,0),(1202,146,'路南区',3,0),(1203,146,'古冶区',3,0),(1204,146,'开平区',3,0),(1205,146,'丰南区',3,0),(1206,146,'丰润区',3,0),(1207,146,'遵化市',3,0),(1208,146,'迁安市',3,0),(1209,146,'滦县',3,0),(1210,146,'滦南县',3,0),(1211,146,'乐亭县',3,0),(1212,146,'迁西县',3,0),(1213,146,'玉田县',3,0),(1214,146,'唐海县',3,0),(1215,147,'桥东区',3,0),(1216,147,'桥西区',3,0),(1217,147,'南宫市',3,0),(1218,147,'沙河市',3,0),(1219,147,'邢台县',3,0),(1220,147,'临城县',3,0),(1221,147,'内丘县',3,0),(1222,147,'柏乡县',3,0),(1223,147,'隆尧县',3,0),(1224,147,'任县',3,0),(1225,147,'南和县',3,0),(1226,147,'宁晋县',3,0),(1227,147,'巨鹿县',3,0),(1228,147,'新河县',3,0),(1229,147,'广宗县',3,0),(1230,147,'平乡县',3,0),(1231,147,'威县',3,0),(1232,147,'清河县',3,0),(1233,147,'临西县',3,0),(1234,148,'桥西区',3,0),(1235,148,'桥东区',3,0),(1236,148,'宣化区',3,0),(1237,148,'下花园区',3,0),(1238,148,'宣化县',3,0),(1239,148,'张北县',3,0),(1240,148,'康保县',3,0),(1241,148,'沽源县',3,0),(1242,148,'尚义县',3,0),(1243,148,'蔚县',3,0),(1244,148,'阳原县',3,0),(1245,148,'怀安县',3,0),(1246,148,'万全县',3,0),(1247,148,'怀来县',3,0),(1248,148,'涿鹿县',3,0),(1249,148,'赤城县',3,0),(1250,148,'崇礼县',3,0),(1251,149,'金水区',3,0),(1252,149,'邙山区',3,0),(1253,149,'二七区',3,0),(1254,149,'管城区',3,0),(1255,149,'中原区',3,0),(1256,149,'上街区',3,0),(1257,149,'惠济区',3,0),(1258,149,'郑东新区',3,0),(1259,149,'经济技术开发区',3,0),(1260,149,'高新开发区',3,0),(1261,149,'出口加工区',3,0),(1262,149,'巩义市',3,0),(1263,149,'荥阳市',3,0),(1264,149,'新密市',3,0),(1265,149,'新郑市',3,0),(1266,149,'登封市',3,0),(1267,149,'中牟县',3,0),(1268,150,'西工区',3,0),(1269,150,'老城区',3,0),(1270,150,'涧西区',3,0),(1271,150,'瀍河回族区',3,0),(1272,150,'洛龙区',3,0),(1273,150,'吉利区',3,0),(1274,150,'偃师市',3,0),(1275,150,'孟津县',3,0),(1276,150,'新安县',3,0),(1277,150,'栾川县',3,0),(1278,150,'嵩县',3,0),(1279,150,'汝阳县',3,0),(1280,150,'宜阳县',3,0),(1281,150,'洛宁县',3,0),(1282,150,'伊川县',3,0),(1283,151,'鼓楼区',3,0),(1284,151,'龙亭区',3,0),(1285,151,'顺河回族区',3,0),(1286,151,'金明区',3,0),(1287,151,'禹王台区',3,0),(1288,151,'杞县',3,0),(1289,151,'通许县',3,0),(1290,151,'尉氏县',3,0),(1291,151,'开封县',3,0),(1292,151,'兰考县',3,0),(1293,152,'北关区',3,0),(1294,152,'文峰区',3,0),(1295,152,'殷都区',3,0),(1296,152,'龙安区',3,0),(1297,152,'林州市',3,0),(1298,152,'安阳县',3,0),(1299,152,'汤阴县',3,0),(1300,152,'滑县',3,0),(1301,152,'内黄县',3,0),(1302,153,'淇滨区',3,0),(1303,153,'山城区',3,0),(1304,153,'鹤山区',3,0),(1305,153,'浚县',3,0),(1306,153,'淇县',3,0),(1307,154,'济源市',3,0),(1308,155,'解放区',3,0),(1309,155,'中站区',3,0),(1310,155,'马村区',3,0),(1311,155,'山阳区',3,0),(1312,155,'沁阳市',3,0),(1313,155,'孟州市',3,0),(1314,155,'修武县',3,0),(1315,155,'博爱县',3,0),(1316,155,'武陟县',3,0),(1317,155,'温县',3,0),(1318,156,'卧龙区',3,0),(1319,156,'宛城区',3,0),(1320,156,'邓州市',3,0),(1321,156,'南召县',3,0),(1322,156,'方城县',3,0),(1323,156,'西峡县',3,0),(1324,156,'镇平县',3,0),(1325,156,'内乡县',3,0),(1326,156,'淅川县',3,0),(1327,156,'社旗县',3,0),(1328,156,'唐河县',3,0),(1329,156,'新野县',3,0),(1330,156,'桐柏县',3,0),(1331,157,'新华区',3,0),(1332,157,'卫东区',3,0),(1333,157,'湛河区',3,0),(1334,157,'石龙区',3,0),(1335,157,'舞钢市',3,0),(1336,157,'汝州市',3,0),(1337,157,'宝丰县',3,0),(1338,157,'叶县',3,0),(1339,157,'鲁山县',3,0),(1340,157,'郏县',3,0),(1341,158,'湖滨区',3,0),(1342,158,'义马市',3,0),(1343,158,'灵宝市',3,0),(1344,158,'渑池县',3,0),(1345,158,'陕县',3,0),(1346,158,'卢氏县',3,0),(1347,159,'梁园区',3,0),(1348,159,'睢阳区',3,0),(1349,159,'永城市',3,0),(1350,159,'民权县',3,0),(1351,159,'睢县',3,0),(1352,159,'宁陵县',3,0),(1353,159,'虞城县',3,0),(1354,159,'柘城县',3,0),(1355,159,'夏邑县',3,0),(1356,160,'卫滨区',3,0),(1357,160,'红旗区',3,0),(1358,160,'凤泉区',3,0),(1359,160,'牧野区',3,0),(1360,160,'卫辉市',3,0),(1361,160,'辉县市',3,0),(1362,160,'新乡县',3,0),(1363,160,'获嘉县',3,0),(1364,160,'原阳县',3,0),(1365,160,'延津县',3,0),(1366,160,'封丘县',3,0),(1367,160,'长垣县',3,0),(1368,161,'浉河区',3,0),(1369,161,'平桥区',3,0),(1370,161,'罗山县',3,0),(1371,161,'光山县',3,0),(1372,161,'新县',3,0),(1373,161,'商城县',3,0),(1374,161,'固始县',3,0),(1375,161,'潢川县',3,0),(1376,161,'淮滨县',3,0),(1377,161,'息县',3,0),(1378,162,'魏都区',3,0),(1379,162,'禹州市',3,0),(1380,162,'长葛市',3,0),(1381,162,'许昌县',3,0),(1382,162,'鄢陵县',3,0),(1383,162,'襄城县',3,0),(1384,163,'川汇区',3,0),(1385,163,'项城市',3,0),(1386,163,'扶沟县',3,0),(1387,163,'西华县',3,0),(1388,163,'商水县',3,0),(1389,163,'沈丘县',3,0),(1390,163,'郸城县',3,0),(1391,163,'淮阳县',3,0),(1392,163,'太康县',3,0),(1393,163,'鹿邑县',3,0),(1394,164,'驿城区',3,0),(1395,164,'西平县',3,0),(1396,164,'上蔡县',3,0),(1397,164,'平舆县',3,0),(1398,164,'正阳县',3,0),(1399,164,'确山县',3,0),(1400,164,'泌阳县',3,0),(1401,164,'汝南县',3,0),(1402,164,'遂平县',3,0),(1403,164,'新蔡县',3,0),(1404,165,'郾城区',3,0),(1405,165,'源汇区',3,0),(1406,165,'召陵区',3,0),(1407,165,'舞阳县',3,0),(1408,165,'临颍县',3,0),(1409,166,'华龙区',3,0),(1410,166,'清丰县',3,0),(1411,166,'南乐县',3,0),(1412,166,'范县',3,0),(1413,166,'台前县',3,0),(1414,166,'濮阳县',3,0),(1415,167,'道里区',3,0),(1416,167,'南岗区',3,0),(1417,167,'动力区',3,0),(1418,167,'平房区',3,0),(1419,167,'香坊区',3,0),(1420,167,'太平区',3,0),(1421,167,'道外区',3,0),(1422,167,'阿城区',3,0),(1423,167,'呼兰区',3,0),(1424,167,'松北区',3,0),(1425,167,'尚志市',3,0),(1426,167,'双城市',3,0),(1427,167,'五常市',3,0),(1428,167,'方正县',3,0),(1429,167,'宾县',3,0),(1430,167,'依兰县',3,0),(1431,167,'巴彦县',3,0),(1432,167,'通河县',3,0),(1433,167,'木兰县',3,0),(1434,167,'延寿县',3,0),(1435,168,'萨尔图区',3,0),(1436,168,'红岗区',3,0),(1437,168,'龙凤区',3,0),(1438,168,'让胡路区',3,0),(1439,168,'大同区',3,0),(1440,168,'肇州县',3,0),(1441,168,'肇源县',3,0),(1442,168,'林甸县',3,0),(1443,168,'杜尔伯特',3,0),(1444,169,'呼玛县',3,0),(1445,169,'漠河县',3,0),(1446,169,'塔河县',3,0),(1447,170,'兴山区',3,0),(1448,170,'工农区',3,0),(1449,170,'南山区',3,0),(1450,170,'兴安区',3,0),(1451,170,'向阳区',3,0),(1452,170,'东山区',3,0),(1453,170,'萝北县',3,0),(1454,170,'绥滨县',3,0),(1455,171,'爱辉区',3,0),(1456,171,'五大连池市',3,0),(1457,171,'北安市',3,0),(1458,171,'嫩江县',3,0),(1459,171,'逊克县',3,0),(1460,171,'孙吴县',3,0),(1461,172,'鸡冠区',3,0),(1462,172,'恒山区',3,0),(1463,172,'城子河区',3,0),(1464,172,'滴道区',3,0),(1465,172,'梨树区',3,0),(1466,172,'虎林市',3,0),(1467,172,'密山市',3,0),(1468,172,'鸡东县',3,0),(1469,173,'前进区',3,0),(1470,173,'郊区',3,0),(1471,173,'向阳区',3,0),(1472,173,'东风区',3,0),(1473,173,'同江市',3,0),(1474,173,'富锦市',3,0),(1475,173,'桦南县',3,0),(1476,173,'桦川县',3,0),(1477,173,'汤原县',3,0),(1478,173,'抚远县',3,0),(1479,174,'爱民区',3,0),(1480,174,'东安区',3,0),(1481,174,'阳明区',3,0),(1482,174,'西安区',3,0),(1483,174,'绥芬河市',3,0),(1484,174,'海林市',3,0),(1485,174,'宁安市',3,0),(1486,174,'穆棱市',3,0),(1487,174,'东宁县',3,0),(1488,174,'林口县',3,0),(1489,175,'桃山区',3,0),(1490,175,'新兴区',3,0),(1491,175,'茄子河区',3,0),(1492,175,'勃利县',3,0),(1493,176,'龙沙区',3,0),(1494,176,'昂昂溪区',3,0),(1495,176,'铁峰区',3,0),(1496,176,'建华区',3,0),(1497,176,'富拉尔基区',3,0),(1498,176,'碾子山区',3,0),(1499,176,'梅里斯达斡尔区',3,0),(1500,176,'讷河市',3,0),(1501,176,'龙江县',3,0),(1502,176,'依安县',3,0),(1503,176,'泰来县',3,0),(1504,176,'甘南县',3,0),(1505,176,'富裕县',3,0),(1506,176,'克山县',3,0),(1507,176,'克东县',3,0),(1508,176,'拜泉县',3,0),(1509,177,'尖山区',3,0),(1510,177,'岭东区',3,0),(1511,177,'四方台区',3,0),(1512,177,'宝山区',3,0),(1513,177,'集贤县',3,0),(1514,177,'友谊县',3,0),(1515,177,'宝清县',3,0),(1516,177,'饶河县',3,0),(1517,178,'北林区',3,0),(1518,178,'安达市',3,0),(1519,178,'肇东市',3,0),(1520,178,'海伦市',3,0),(1521,178,'望奎县',3,0),(1522,178,'兰西县',3,0),(1523,178,'青冈县',3,0),(1524,178,'庆安县',3,0),(1525,178,'明水县',3,0),(1526,178,'绥棱县',3,0),(1527,179,'伊春区',3,0),(1528,179,'带岭区',3,0),(1529,179,'南岔区',3,0),(1530,179,'金山屯区',3,0),(1531,179,'西林区',3,0),(1532,179,'美溪区',3,0),(1533,179,'乌马河区',3,0),(1534,179,'翠峦区',3,0),(1535,179,'友好区',3,0),(1536,179,'上甘岭区',3,0),(1537,179,'五营区',3,0),(1538,179,'红星区',3,0),(1539,179,'新青区',3,0),(1540,179,'汤旺河区',3,0),(1541,179,'乌伊岭区',3,0),(1542,179,'铁力市',3,0),(1543,179,'嘉荫县',3,0),(1544,180,'江岸区',3,0),(1545,180,'武昌区',3,0),(1546,180,'江汉区',3,0),(1547,180,'硚口区',3,0),(1548,180,'汉阳区',3,0),(1549,180,'青山区',3,0),(1550,180,'洪山区',3,0),(1551,180,'东西湖区',3,0),(1552,180,'汉南区',3,0),(1553,180,'蔡甸区',3,0),(1554,180,'江夏区',3,0),(1555,180,'黄陂区',3,0),(1556,180,'新洲区',3,0),(1557,180,'经济开发区',3,0),(1558,181,'仙桃市',3,0),(1559,182,'鄂城区',3,0),(1560,182,'华容区',3,0),(1561,182,'梁子湖区',3,0),(1562,183,'黄州区',3,0),(1563,183,'麻城市',3,0),(1564,183,'武穴市',3,0),(1565,183,'团风县',3,0),(1566,183,'红安县',3,0),(1567,183,'罗田县',3,0),(1568,183,'英山县',3,0),(1569,183,'浠水县',3,0),(1570,183,'蕲春县',3,0),(1571,183,'黄梅县',3,0),(1572,184,'黄石港区',3,0),(1573,184,'西塞山区',3,0),(1574,184,'下陆区',3,0),(1575,184,'铁山区',3,0),(1576,184,'大冶市',3,0),(1577,184,'阳新县',3,0),(1578,185,'东宝区',3,0),(1579,185,'掇刀区',3,0),(1580,185,'钟祥市',3,0),(1581,185,'京山县',3,0),(1582,185,'沙洋县',3,0),(1583,186,'沙市区',3,0),(1584,186,'荆州区',3,0),(1585,186,'石首市',3,0),(1586,186,'洪湖市',3,0),(1587,186,'松滋市',3,0),(1588,186,'公安县',3,0),(1589,186,'监利县',3,0),(1590,186,'江陵县',3,0),(1591,187,'潜江市',3,0),(1592,188,'神农架林区',3,0),(1593,189,'张湾区',3,0),(1594,189,'茅箭区',3,0),(1595,189,'丹江口市',3,0),(1596,189,'郧县',3,0),(1597,189,'郧西县',3,0),(1598,189,'竹山县',3,0),(1599,189,'竹溪县',3,0),(1600,189,'房县',3,0),(1601,190,'曾都区',3,0),(1602,190,'广水市',3,0),(1603,191,'天门市',3,0),(1604,192,'咸安区',3,0),(1605,192,'赤壁市',3,0),(1606,192,'嘉鱼县',3,0),(1607,192,'通城县',3,0),(1608,192,'崇阳县',3,0),(1609,192,'通山县',3,0),(1610,193,'襄城区',3,0),(1611,193,'樊城区',3,0),(1612,193,'襄阳区',3,0),(1613,193,'老河口市',3,0),(1614,193,'枣阳市',3,0),(1615,193,'宜城市',3,0),(1616,193,'南漳县',3,0),(1617,193,'谷城县',3,0),(1618,193,'保康县',3,0),(1619,194,'孝南区',3,0),(1620,194,'应城市',3,0),(1621,194,'安陆市',3,0),(1622,194,'汉川市',3,0),(1623,194,'孝昌县',3,0),(1624,194,'大悟县',3,0),(1625,194,'云梦县',3,0),(1626,195,'长阳',3,0),(1627,195,'五峰',3,0),(1628,195,'西陵区',3,0),(1629,195,'伍家岗区',3,0),(1630,195,'点军区',3,0),(1631,195,'猇亭区',3,0),(1632,195,'夷陵区',3,0),(1633,195,'宜都市',3,0),(1634,195,'当阳市',3,0),(1635,195,'枝江市',3,0),(1636,195,'远安县',3,0),(1637,195,'兴山县',3,0),(1638,195,'秭归县',3,0),(1639,196,'恩施市',3,0),(1640,196,'利川市',3,0),(1641,196,'建始县',3,0),(1642,196,'巴东县',3,0),(1643,196,'宣恩县',3,0),(1644,196,'咸丰县',3,0),(1645,196,'来凤县',3,0),(1646,196,'鹤峰县',3,0),(1647,197,'岳麓区',3,0),(1648,197,'芙蓉区',3,0),(1649,197,'天心区',3,0),(1650,197,'开福区',3,0),(1651,197,'雨花区',3,0),(1652,197,'开发区',3,0),(1653,197,'浏阳市',3,0),(1654,197,'长沙县',3,0),(1655,197,'望城县',3,0),(1656,197,'宁乡县',3,0),(1657,198,'永定区',3,0),(1658,198,'武陵源区',3,0),(1659,198,'慈利县',3,0),(1660,198,'桑植县',3,0),(1661,199,'武陵区',3,0),(1662,199,'鼎城区',3,0),(1663,199,'津市市',3,0),(1664,199,'安乡县',3,0),(1665,199,'汉寿县',3,0),(1666,199,'澧县',3,0),(1667,199,'临澧县',3,0),(1668,199,'桃源县',3,0),(1669,199,'石门县',3,0),(1670,200,'北湖区',3,0),(1671,200,'苏仙区',3,0),(1672,200,'资兴市',3,0),(1673,200,'桂阳县',3,0),(1674,200,'宜章县',3,0),(1675,200,'永兴县',3,0),(1676,200,'嘉禾县',3,0),(1677,200,'临武县',3,0),(1678,200,'汝城县',3,0),(1679,200,'桂东县',3,0),(1680,200,'安仁县',3,0),(1681,201,'雁峰区',3,0),(1682,201,'珠晖区',3,0),(1683,201,'石鼓区',3,0),(1684,201,'蒸湘区',3,0),(1685,201,'南岳区',3,0),(1686,201,'耒阳市',3,0),(1687,201,'常宁市',3,0),(1688,201,'衡阳县',3,0),(1689,201,'衡南县',3,0),(1690,201,'衡山县',3,0),(1691,201,'衡东县',3,0),(1692,201,'祁东县',3,0),(1693,202,'鹤城区',3,0),(1694,202,'靖州',3,0),(1695,202,'麻阳',3,0),(1696,202,'通道',3,0),(1697,202,'新晃',3,0),(1698,202,'芷江',3,0),(1699,202,'沅陵县',3,0),(1700,202,'辰溪县',3,0),(1701,202,'溆浦县',3,0),(1702,202,'中方县',3,0),(1703,202,'会同县',3,0),(1704,202,'洪江市',3,0),(1705,203,'娄星区',3,0),(1706,203,'冷水江市',3,0),(1707,203,'涟源市',3,0),(1708,203,'双峰县',3,0),(1709,203,'新化县',3,0),(1710,204,'城步',3,0),(1711,204,'双清区',3,0),(1712,204,'大祥区',3,0),(1713,204,'北塔区',3,0),(1714,204,'武冈市',3,0),(1715,204,'邵东县',3,0),(1716,204,'新邵县',3,0),(1717,204,'邵阳县',3,0),(1718,204,'隆回县',3,0),(1719,204,'洞口县',3,0),(1720,204,'绥宁县',3,0),(1721,204,'新宁县',3,0),(1722,205,'岳塘区',3,0),(1723,205,'雨湖区',3,0),(1724,205,'湘乡市',3,0),(1725,205,'韶山市',3,0),(1726,205,'湘潭县',3,0),(1727,206,'吉首市',3,0),(1728,206,'泸溪县',3,0),(1729,206,'凤凰县',3,0),(1730,206,'花垣县',3,0),(1731,206,'保靖县',3,0),(1732,206,'古丈县',3,0),(1733,206,'永顺县',3,0),(1734,206,'龙山县',3,0),(1735,207,'赫山区',3,0),(1736,207,'资阳区',3,0),(1737,207,'沅江市',3,0),(1738,207,'南县',3,0),(1739,207,'桃江县',3,0),(1740,207,'安化县',3,0),(1741,208,'江华',3,0),(1742,208,'冷水滩区',3,0),(1743,208,'零陵区',3,0),(1744,208,'祁阳县',3,0),(1745,208,'东安县',3,0),(1746,208,'双牌县',3,0),(1747,208,'道县',3,0),(1748,208,'江永县',3,0),(1749,208,'宁远县',3,0),(1750,208,'蓝山县',3,0),(1751,208,'新田县',3,0),(1752,209,'岳阳楼区',3,0),(1753,209,'君山区',3,0),(1754,209,'云溪区',3,0),(1755,209,'汨罗市',3,0),(1756,209,'临湘市',3,0),(1757,209,'岳阳县',3,0),(1758,209,'华容县',3,0),(1759,209,'湘阴县',3,0),(1760,209,'平江县',3,0),(1761,210,'天元区',3,0),(1762,210,'荷塘区',3,0),(1763,210,'芦淞区',3,0),(1764,210,'石峰区',3,0),(1765,210,'醴陵市',3,0),(1766,210,'株洲县',3,0),(1767,210,'攸县',3,0),(1768,210,'茶陵县',3,0),(1769,210,'炎陵县',3,0),(1770,211,'朝阳区',3,0),(1771,211,'宽城区',3,0),(1772,211,'二道区',3,0),(1773,211,'南关区',3,0),(1774,211,'绿园区',3,0),(1775,211,'双阳区',3,0),(1776,211,'净月潭开发区',3,0),(1777,211,'高新技术开发区',3,0),(1778,211,'经济技术开发区',3,0),(1779,211,'汽车产业开发区',3,0),(1780,211,'德惠市',3,0),(1781,211,'九台市',3,0),(1782,211,'榆树市',3,0),(1783,211,'农安县',3,0),(1784,212,'船营区',3,0),(1785,212,'昌邑区',3,0),(1786,212,'龙潭区',3,0),(1787,212,'丰满区',3,0),(1788,212,'蛟河市',3,0),(1789,212,'桦甸市',3,0),(1790,212,'舒兰市',3,0),(1791,212,'磐石市',3,0),(1792,212,'永吉县',3,0),(1793,213,'洮北区',3,0),(1794,213,'洮南市',3,0),(1795,213,'大安市',3,0),(1796,213,'镇赉县',3,0),(1797,213,'通榆县',3,0),(1798,214,'江源区',3,0),(1799,214,'八道江区',3,0),(1800,214,'长白',3,0),(1801,214,'临江市',3,0),(1802,214,'抚松县',3,0),(1803,214,'靖宇县',3,0),(1804,215,'龙山区',3,0),(1805,215,'西安区',3,0),(1806,215,'东丰县',3,0),(1807,215,'东辽县',3,0),(1808,216,'铁西区',3,0),(1809,216,'铁东区',3,0),(1810,216,'伊通',3,0),(1811,216,'公主岭市',3,0),(1812,216,'双辽市',3,0),(1813,216,'梨树县',3,0),(1814,217,'前郭尔罗斯',3,0),(1815,217,'宁江区',3,0),(1816,217,'长岭县',3,0),(1817,217,'乾安县',3,0),(1818,217,'扶余县',3,0),(1819,218,'东昌区',3,0),(1820,218,'二道江区',3,0),(1821,218,'梅河口市',3,0),(1822,218,'集安市',3,0),(1823,218,'通化县',3,0),(1824,218,'辉南县',3,0),(1825,218,'柳河县',3,0),(1826,219,'延吉市',3,0),(1827,219,'图们市',3,0),(1828,219,'敦化市',3,0),(1829,219,'珲春市',3,0),(1830,219,'龙井市',3,0),(1831,219,'和龙市',3,0),(1832,219,'安图县',3,0),(1833,219,'汪清县',3,0),(1834,220,'玄武区',3,0),(1835,220,'鼓楼区',3,0),(1836,220,'白下区',3,0),(1837,220,'建邺区',3,0),(1838,220,'秦淮区',3,0),(1839,220,'雨花台区',3,0),(1840,220,'下关区',3,0),(1841,220,'栖霞区',3,0),(1842,220,'浦口区',3,0),(1843,220,'江宁区',3,0),(1844,220,'六合区',3,0),(1845,220,'溧水县',3,0),(1846,220,'高淳县',3,0),(1847,221,'沧浪区',3,0),(1848,221,'金阊区',3,0),(1849,221,'平江区',3,0),(1850,221,'虎丘区',3,0),(1851,221,'吴中区',3,0),(1852,221,'相城区',3,0),(1853,221,'园区',3,0),(1854,221,'新区',3,0),(1855,221,'常熟市',3,0),(1856,221,'张家港市',3,0),(1857,221,'玉山镇',3,0),(1858,221,'巴城镇',3,0),(1859,221,'周市镇',3,0),(1860,221,'陆家镇',3,0),(1861,221,'花桥镇',3,0),(1862,221,'淀山湖镇',3,0),(1863,221,'张浦镇',3,0),(1864,221,'周庄镇',3,0),(1865,221,'千灯镇',3,0),(1866,221,'锦溪镇',3,0),(1867,221,'开发区',3,0),(1868,221,'吴江市',3,0),(1869,221,'太仓市',3,0),(1870,222,'崇安区',3,0),(1871,222,'北塘区',3,0),(1872,222,'南长区',3,0),(1873,222,'锡山区',3,0),(1874,222,'惠山区',3,0),(1875,222,'滨湖区',3,0),(1876,222,'新区',3,0),(1877,222,'江阴市',3,0),(1878,222,'宜兴市',3,0),(1879,223,'天宁区',3,0),(1880,223,'钟楼区',3,0),(1881,223,'戚墅堰区',3,0),(1882,223,'郊区',3,0),(1883,223,'新北区',3,0),(1884,223,'武进区',3,0),(1885,223,'溧阳市',3,0),(1886,223,'金坛市',3,0),(1887,224,'清河区',3,0),(1888,224,'清浦区',3,0),(1889,224,'楚州区',3,0),(1890,224,'淮阴区',3,0),(1891,224,'涟水县',3,0),(1892,224,'洪泽县',3,0),(1893,224,'盱眙县',3,0),(1894,224,'金湖县',3,0),(1895,225,'新浦区',3,0),(1896,225,'连云区',3,0),(1897,225,'海州区',3,0),(1898,225,'赣榆县',3,0),(1899,225,'东海县',3,0),(1900,225,'灌云县',3,0),(1901,225,'灌南县',3,0),(1902,226,'崇川区',3,0),(1903,226,'港闸区',3,0),(1904,226,'经济开发区',3,0),(1905,226,'启东市',3,0),(1906,226,'如皋市',3,0),(1907,226,'通州市',3,0),(1908,226,'海门市',3,0),(1909,226,'海安县',3,0),(1910,226,'如东县',3,0),(1911,227,'宿城区',3,0),(1912,227,'宿豫区',3,0),(1913,227,'宿豫县',3,0),(1914,227,'沭阳县',3,0),(1915,227,'泗阳县',3,0),(1916,227,'泗洪县',3,0),(1917,228,'海陵区',3,0),(1918,228,'高港区',3,0),(1919,228,'兴化市',3,0),(1920,228,'靖江市',3,0),(1921,228,'泰兴市',3,0),(1922,228,'姜堰市',3,0),(1923,229,'云龙区',3,0),(1924,229,'鼓楼区',3,0),(1925,229,'九里区',3,0),(1926,229,'贾汪区',3,0),(1927,229,'泉山区',3,0),(1928,229,'新沂市',3,0),(1929,229,'邳州市',3,0),(1930,229,'丰县',3,0),(1931,229,'沛县',3,0),(1932,229,'铜山县',3,0),(1933,229,'睢宁县',3,0),(1934,230,'城区',3,0),(1935,230,'亭湖区',3,0),(1936,230,'盐都区',3,0),(1937,230,'盐都县',3,0),(1938,230,'东台市',3,0),(1939,230,'大丰市',3,0),(1940,230,'响水县',3,0),(1941,230,'滨海县',3,0),(1942,230,'阜宁县',3,0),(1943,230,'射阳县',3,0),(1944,230,'建湖县',3,0),(1945,231,'广陵区',3,0),(1946,231,'维扬区',3,0),(1947,231,'邗江区',3,0),(1948,231,'仪征市',3,0),(1949,231,'高邮市',3,0),(1950,231,'江都市',3,0),(1951,231,'宝应县',3,0),(1952,232,'京口区',3,0),(1953,232,'润州区',3,0),(1954,232,'丹徒区',3,0),(1955,232,'丹阳市',3,0),(1956,232,'扬中市',3,0),(1957,232,'句容市',3,0),(1958,233,'东湖区',3,0),(1959,233,'西湖区',3,0),(1960,233,'青云谱区',3,0),(1961,233,'湾里区',3,0),(1962,233,'青山湖区',3,0),(1963,233,'红谷滩新区',3,0),(1964,233,'昌北区',3,0),(1965,233,'高新区',3,0),(1966,233,'南昌县',3,0),(1967,233,'新建县',3,0),(1968,233,'安义县',3,0),(1969,233,'进贤县',3,0),(1970,234,'临川区',3,0),(1971,234,'南城县',3,0),(1972,234,'黎川县',3,0),(1973,234,'南丰县',3,0),(1974,234,'崇仁县',3,0),(1975,234,'乐安县',3,0),(1976,234,'宜黄县',3,0),(1977,234,'金溪县',3,0),(1978,234,'资溪县',3,0),(1979,234,'东乡县',3,0),(1980,234,'广昌县',3,0),(1981,235,'章贡区',3,0),(1982,235,'于都县',3,0),(1983,235,'瑞金市',3,0),(1984,235,'南康市',3,0),(1985,235,'赣县',3,0),(1986,235,'信丰县',3,0),(1987,235,'大余县',3,0),(1988,235,'上犹县',3,0),(1989,235,'崇义县',3,0),(1990,235,'安远县',3,0),(1991,235,'龙南县',3,0),(1992,235,'定南县',3,0),(1993,235,'全南县',3,0),(1994,235,'宁都县',3,0),(1995,235,'兴国县',3,0),(1996,235,'会昌县',3,0),(1997,235,'寻乌县',3,0),(1998,235,'石城县',3,0),(1999,236,'安福县',3,0),(2000,236,'吉州区',3,0),(2001,236,'青原区',3,0),(2002,236,'井冈山市',3,0),(2003,236,'吉安县',3,0),(2004,236,'吉水县',3,0),(2005,236,'峡江县',3,0),(2006,236,'新干县',3,0),(2007,236,'永丰县',3,0),(2008,236,'泰和县',3,0),(2009,236,'遂川县',3,0),(2010,236,'万安县',3,0),(2011,236,'永新县',3,0),(2012,237,'珠山区',3,0),(2013,237,'昌江区',3,0),(2014,237,'乐平市',3,0),(2015,237,'浮梁县',3,0),(2016,238,'浔阳区',3,0),(2017,238,'庐山区',3,0),(2018,238,'瑞昌市',3,0),(2019,238,'九江县',3,0),(2020,238,'武宁县',3,0),(2021,238,'修水县',3,0),(2022,238,'永修县',3,0),(2023,238,'德安县',3,0),(2024,238,'星子县',3,0),(2025,238,'都昌县',3,0),(2026,238,'湖口县',3,0),(2027,238,'彭泽县',3,0),(2028,239,'安源区',3,0),(2029,239,'湘东区',3,0),(2030,239,'莲花县',3,0),(2031,239,'芦溪县',3,0),(2032,239,'上栗县',3,0),(2033,240,'信州区',3,0),(2034,240,'德兴市',3,0),(2035,240,'上饶县',3,0),(2036,240,'广丰县',3,0),(2037,240,'玉山县',3,0),(2038,240,'铅山县',3,0),(2039,240,'横峰县',3,0),(2040,240,'弋阳县',3,0),(2041,240,'余干县',3,0),(2042,240,'波阳县',3,0),(2043,240,'万年县',3,0),(2044,240,'婺源县',3,0),(2045,241,'渝水区',3,0),(2046,241,'分宜县',3,0),(2047,242,'袁州区',3,0),(2048,242,'丰城市',3,0),(2049,242,'樟树市',3,0),(2050,242,'高安市',3,0),(2051,242,'奉新县',3,0),(2052,242,'万载县',3,0),(2053,242,'上高县',3,0),(2054,242,'宜丰县',3,0),(2055,242,'靖安县',3,0),(2056,242,'铜鼓县',3,0),(2057,243,'月湖区',3,0),(2058,243,'贵溪市',3,0),(2059,243,'余江县',3,0),(2060,244,'沈河区',3,0),(2061,244,'皇姑区',3,0),(2062,244,'和平区',3,0),(2063,244,'大东区',3,0),(2064,244,'铁西区',3,0),(2065,244,'苏家屯区',3,0),(2066,244,'东陵区',3,0),(2067,244,'沈北新区',3,0),(2068,244,'于洪区',3,0),(2069,244,'浑南新区',3,0),(2070,244,'新民市',3,0),(2071,244,'辽中县',3,0),(2072,244,'康平县',3,0),(2073,244,'法库县',3,0),(2074,245,'西岗区',3,0),(2075,245,'中山区',3,0),(2076,245,'沙河口区',3,0),(2077,245,'甘井子区',3,0),(2078,245,'旅顺口区',3,0),(2079,245,'金州区',3,0),(2080,245,'开发区',3,0),(2081,245,'瓦房店市',3,0),(2082,245,'普兰店市',3,0),(2083,245,'庄河市',3,0),(2084,245,'长海县',3,0),(2085,246,'铁东区',3,0),(2086,246,'铁西区',3,0),(2087,246,'立山区',3,0),(2088,246,'千山区',3,0),(2089,246,'岫岩',3,0),(2090,246,'海城市',3,0),(2091,246,'台安县',3,0),(2092,247,'本溪',3,0),(2093,247,'平山区',3,0),(2094,247,'明山区',3,0),(2095,247,'溪湖区',3,0),(2096,247,'南芬区',3,0),(2097,247,'桓仁',3,0),(2098,248,'双塔区',3,0),(2099,248,'龙城区',3,0),(2100,248,'喀喇沁左翼蒙古族自治县',3,0),(2101,248,'北票市',3,0),(2102,248,'凌源市',3,0),(2103,248,'朝阳县',3,0),(2104,248,'建平县',3,0),(2105,249,'振兴区',3,0),(2106,249,'元宝区',3,0),(2107,249,'振安区',3,0),(2108,249,'宽甸',3,0),(2109,249,'东港市',3,0),(2110,249,'凤城市',3,0),(2111,250,'顺城区',3,0),(2112,250,'新抚区',3,0),(2113,250,'东洲区',3,0),(2114,250,'望花区',3,0),(2115,250,'清原',3,0),(2116,250,'新宾',3,0),(2117,250,'抚顺县',3,0),(2118,251,'阜新',3,0),(2119,251,'海州区',3,0),(2120,251,'新邱区',3,0),(2121,251,'太平区',3,0),(2122,251,'清河门区',3,0),(2123,251,'细河区',3,0),(2124,251,'彰武县',3,0),(2125,252,'龙港区',3,0),(2126,252,'南票区',3,0),(2127,252,'连山区',3,0),(2128,252,'兴城市',3,0),(2129,252,'绥中县',3,0),(2130,252,'建昌县',3,0),(2131,253,'太和区',3,0),(2132,253,'古塔区',3,0),(2133,253,'凌河区',3,0),(2134,253,'凌海市',3,0),(2135,253,'北镇市',3,0),(2136,253,'黑山县',3,0),(2137,253,'义县',3,0),(2138,254,'白塔区',3,0),(2139,254,'文圣区',3,0),(2140,254,'宏伟区',3,0),(2141,254,'太子河区',3,0),(2142,254,'弓长岭区',3,0),(2143,254,'灯塔市',3,0),(2144,254,'辽阳县',3,0),(2145,255,'双台子区',3,0),(2146,255,'兴隆台区',3,0),(2147,255,'大洼县',3,0),(2148,255,'盘山县',3,0),(2149,256,'银州区',3,0),(2150,256,'清河区',3,0),(2151,256,'调兵山市',3,0),(2152,256,'开原市',3,0),(2153,256,'铁岭县',3,0),(2154,256,'西丰县',3,0),(2155,256,'昌图县',3,0),(2156,257,'站前区',3,0),(2157,257,'西市区',3,0),(2158,257,'鲅鱼圈区',3,0),(2159,257,'老边区',3,0),(2160,257,'盖州市',3,0),(2161,257,'大石桥市',3,0),(2162,258,'回民区',3,0),(2163,258,'玉泉区',3,0),(2164,258,'新城区',3,0),(2165,258,'赛罕区',3,0),(2166,258,'清水河县',3,0),(2167,258,'土默特左旗',3,0),(2168,258,'托克托县',3,0),(2169,258,'和林格尔县',3,0),(2170,258,'武川县',3,0),(2171,259,'阿拉善左旗',3,0),(2172,259,'阿拉善右旗',3,0),(2173,259,'额济纳旗',3,0),(2174,260,'临河区',3,0),(2175,260,'五原县',3,0),(2176,260,'磴口县',3,0),(2177,260,'乌拉特前旗',3,0),(2178,260,'乌拉特中旗',3,0),(2179,260,'乌拉特后旗',3,0),(2180,260,'杭锦后旗',3,0),(2181,261,'昆都仑区',3,0),(2182,261,'青山区',3,0),(2183,261,'东河区',3,0),(2184,261,'九原区',3,0),(2185,261,'石拐区',3,0),(2186,261,'白云矿区',3,0),(2187,261,'土默特右旗',3,0),(2188,261,'固阳县',3,0),(2189,261,'达尔罕茂明安联合旗',3,0),(2190,262,'红山区',3,0),(2191,262,'元宝山区',3,0),(2192,262,'松山区',3,0),(2193,262,'阿鲁科尔沁旗',3,0),(2194,262,'巴林左旗',3,0),(2195,262,'巴林右旗',3,0),(2196,262,'林西县',3,0),(2197,262,'克什克腾旗',3,0),(2198,262,'翁牛特旗',3,0),(2199,262,'喀喇沁旗',3,0),(2200,262,'宁城县',3,0),(2201,262,'敖汉旗',3,0),(2202,263,'东胜区',3,0),(2203,263,'达拉特旗',3,0),(2204,263,'准格尔旗',3,0),(2205,263,'鄂托克前旗',3,0),(2206,263,'鄂托克旗',3,0),(2207,263,'杭锦旗',3,0),(2208,263,'乌审旗',3,0),(2209,263,'伊金霍洛旗',3,0),(2210,264,'海拉尔区',3,0),(2211,264,'莫力达瓦',3,0),(2212,264,'满洲里市',3,0),(2213,264,'牙克石市',3,0),(2214,264,'扎兰屯市',3,0),(2215,264,'额尔古纳市',3,0),(2216,264,'根河市',3,0),(2217,264,'阿荣旗',3,0),(2218,264,'鄂伦春自治旗',3,0),(2219,264,'鄂温克族自治旗',3,0),(2220,264,'陈巴尔虎旗',3,0),(2221,264,'新巴尔虎左旗',3,0),(2222,264,'新巴尔虎右旗',3,0),(2223,265,'科尔沁区',3,0),(2224,265,'霍林郭勒市',3,0),(2225,265,'科尔沁左翼中旗',3,0),(2226,265,'科尔沁左翼后旗',3,0),(2227,265,'开鲁县',3,0),(2228,265,'库伦旗',3,0),(2229,265,'奈曼旗',3,0),(2230,265,'扎鲁特旗',3,0),(2231,266,'海勃湾区',3,0),(2232,266,'乌达区',3,0),(2233,266,'海南区',3,0),(2234,267,'化德县',3,0),(2235,267,'集宁区',3,0),(2236,267,'丰镇市',3,0),(2237,267,'卓资县',3,0),(2238,267,'商都县',3,0),(2239,267,'兴和县',3,0),(2240,267,'凉城县',3,0),(2241,267,'察哈尔右翼前旗',3,0),(2242,267,'察哈尔右翼中旗',3,0),(2243,267,'察哈尔右翼后旗',3,0),(2244,267,'四子王旗',3,0),(2245,268,'二连浩特市',3,0),(2246,268,'锡林浩特市',3,0),(2247,268,'阿巴嘎旗',3,0),(2248,268,'苏尼特左旗',3,0),(2249,268,'苏尼特右旗',3,0),(2250,268,'东乌珠穆沁旗',3,0),(2251,268,'西乌珠穆沁旗',3,0),(2252,268,'太仆寺旗',3,0),(2253,268,'镶黄旗',3,0),(2254,268,'正镶白旗',3,0),(2255,268,'正蓝旗',3,0),(2256,268,'多伦县',3,0),(2257,269,'乌兰浩特市',3,0),(2258,269,'阿尔山市',3,0),(2259,269,'科尔沁右翼前旗',3,0),(2260,269,'科尔沁右翼中旗',3,0),(2261,269,'扎赉特旗',3,0),(2262,269,'突泉县',3,0),(2263,270,'西夏区',3,0),(2264,270,'金凤区',3,0),(2265,270,'兴庆区',3,0),(2266,270,'灵武市',3,0),(2267,270,'永宁县',3,0),(2268,270,'贺兰县',3,0),(2269,271,'原州区',3,0),(2270,271,'海原县',3,0),(2271,271,'西吉县',3,0),(2272,271,'隆德县',3,0),(2273,271,'泾源县',3,0),(2274,271,'彭阳县',3,0),(2275,272,'惠农县',3,0),(2276,272,'大武口区',3,0),(2277,272,'惠农区',3,0),(2278,272,'陶乐县',3,0),(2279,272,'平罗县',3,0),(2280,273,'利通区',3,0),(2281,273,'中卫县',3,0),(2282,273,'青铜峡市',3,0),(2283,273,'中宁县',3,0),(2284,273,'盐池县',3,0),(2285,273,'同心县',3,0),(2286,274,'沙坡头区',3,0),(2287,274,'海原县',3,0),(2288,274,'中宁县',3,0),(2289,275,'城中区',3,0),(2290,275,'城东区',3,0),(2291,275,'城西区',3,0),(2292,275,'城北区',3,0),(2293,275,'湟中县',3,0),(2294,275,'湟源县',3,0),(2295,275,'大通',3,0),(2296,276,'玛沁县',3,0),(2297,276,'班玛县',3,0),(2298,276,'甘德县',3,0),(2299,276,'达日县',3,0),(2300,276,'久治县',3,0),(2301,276,'玛多县',3,0),(2302,277,'海晏县',3,0),(2303,277,'祁连县',3,0),(2304,277,'刚察县',3,0),(2305,277,'门源',3,0),(2306,278,'平安县',3,0),(2307,278,'乐都县',3,0),(2308,278,'民和',3,0),(2309,278,'互助',3,0),(2310,278,'化隆',3,0),(2311,278,'循化',3,0),(2312,279,'共和县',3,0),(2313,279,'同德县',3,0),(2314,279,'贵德县',3,0),(2315,279,'兴海县',3,0),(2316,279,'贵南县',3,0),(2317,280,'德令哈市',3,0),(2318,280,'格尔木市',3,0),(2319,280,'乌兰县',3,0),(2320,280,'都兰县',3,0),(2321,280,'天峻县',3,0),(2322,281,'同仁县',3,0),(2323,281,'尖扎县',3,0),(2324,281,'泽库县',3,0),(2325,281,'河南蒙古族自治县',3,0),(2326,282,'玉树县',3,0),(2327,282,'杂多县',3,0),(2328,282,'称多县',3,0),(2329,282,'治多县',3,0),(2330,282,'囊谦县',3,0),(2331,282,'曲麻莱县',3,0),(2332,283,'市中区',3,0),(2333,283,'历下区',3,0),(2334,283,'天桥区',3,0),(2335,283,'槐荫区',3,0),(2336,283,'历城区',3,0),(2337,283,'长清区',3,0),(2338,283,'章丘市',3,0),(2339,283,'平阴县',3,0),(2340,283,'济阳县',3,0),(2341,283,'商河县',3,0),(2342,284,'市南区',3,0),(2343,284,'市北区',3,0),(2344,284,'城阳区',3,0),(2345,284,'四方区',3,0),(2346,284,'李沧区',3,0),(2347,284,'黄岛区',3,0),(2348,284,'崂山区',3,0),(2349,284,'胶州市',3,0),(2350,284,'即墨市',3,0),(2351,284,'平度市',3,0),(2352,284,'胶南市',3,0),(2353,284,'莱西市',3,0),(2354,285,'滨城区',3,0),(2355,285,'惠民县',3,0),(2356,285,'阳信县',3,0),(2357,285,'无棣县',3,0),(2358,285,'沾化县',3,0),(2359,285,'博兴县',3,0),(2360,285,'邹平县',3,0),(2361,286,'德城区',3,0),(2362,286,'陵县',3,0),(2363,286,'乐陵市',3,0),(2364,286,'禹城市',3,0),(2365,286,'宁津县',3,0),(2366,286,'庆云县',3,0),(2367,286,'临邑县',3,0),(2368,286,'齐河县',3,0),(2369,286,'平原县',3,0),(2370,286,'夏津县',3,0),(2371,286,'武城县',3,0),(2372,287,'东营区',3,0),(2373,287,'河口区',3,0),(2374,287,'垦利县',3,0),(2375,287,'利津县',3,0),(2376,287,'广饶县',3,0),(2377,288,'牡丹区',3,0),(2378,288,'曹县',3,0),(2379,288,'单县',3,0),(2380,288,'成武县',3,0),(2381,288,'巨野县',3,0),(2382,288,'郓城县',3,0),(2383,288,'鄄城县',3,0),(2384,288,'定陶县',3,0),(2385,288,'东明县',3,0),(2386,289,'市中区',3,0),(2387,289,'任城区',3,0),(2388,289,'曲阜市',3,0),(2389,289,'兖州市',3,0),(2390,289,'邹城市',3,0),(2391,289,'微山县',3,0),(2392,289,'鱼台县',3,0),(2393,289,'金乡县',3,0),(2394,289,'嘉祥县',3,0),(2395,289,'汶上县',3,0),(2396,289,'泗水县',3,0),(2397,289,'梁山县',3,0),(2398,290,'莱城区',3,0),(2399,290,'钢城区',3,0),(2400,291,'东昌府区',3,0),(2401,291,'临清市',3,0),(2402,291,'阳谷县',3,0),(2403,291,'莘县',3,0),(2404,291,'茌平县',3,0),(2405,291,'东阿县',3,0),(2406,291,'冠县',3,0),(2407,291,'高唐县',3,0),(2408,292,'兰山区',3,0),(2409,292,'罗庄区',3,0),(2410,292,'河东区',3,0),(2411,292,'沂南县',3,0),(2412,292,'郯城县',3,0),(2413,292,'沂水县',3,0),(2414,292,'苍山县',3,0),(2415,292,'费县',3,0),(2416,292,'平邑县',3,0),(2417,292,'莒南县',3,0),(2418,292,'蒙阴县',3,0),(2419,292,'临沭县',3,0),(2420,293,'东港区',3,0),(2421,293,'岚山区',3,0),(2422,293,'五莲县',3,0),(2423,293,'莒县',3,0),(2424,294,'泰山区',3,0),(2425,294,'岱岳区',3,0),(2426,294,'新泰市',3,0),(2427,294,'肥城市',3,0),(2428,294,'宁阳县',3,0),(2429,294,'东平县',3,0),(2430,295,'荣成市',3,0),(2431,295,'乳山市',3,0),(2432,295,'环翠区',3,0),(2433,295,'文登市',3,0),(2434,296,'潍城区',3,0),(2435,296,'寒亭区',3,0),(2436,296,'坊子区',3,0),(2437,296,'奎文区',3,0),(2438,296,'青州市',3,0),(2439,296,'诸城市',3,0),(2440,296,'寿光市',3,0),(2441,296,'安丘市',3,0),(2442,296,'高密市',3,0),(2443,296,'昌邑市',3,0),(2444,296,'临朐县',3,0),(2445,296,'昌乐县',3,0),(2446,297,'芝罘区',3,0),(2447,297,'福山区',3,0),(2448,297,'牟平区',3,0),(2449,297,'莱山区',3,0),(2450,297,'开发区',3,0),(2451,297,'龙口市',3,0),(2452,297,'莱阳市',3,0),(2453,297,'莱州市',3,0),(2454,297,'蓬莱市',3,0),(2455,297,'招远市',3,0),(2456,297,'栖霞市',3,0),(2457,297,'海阳市',3,0),(2458,297,'长岛县',3,0),(2459,298,'市中区',3,0),(2460,298,'山亭区',3,0),(2461,298,'峄城区',3,0),(2462,298,'台儿庄区',3,0),(2463,298,'薛城区',3,0),(2464,298,'滕州市',3,0),(2465,299,'张店区',3,0),(2466,299,'临淄区',3,0),(2467,299,'淄川区',3,0),(2468,299,'博山区',3,0),(2469,299,'周村区',3,0),(2470,299,'桓台县',3,0),(2471,299,'高青县',3,0),(2472,299,'沂源县',3,0),(2473,300,'杏花岭区',3,0),(2474,300,'小店区',3,0),(2475,300,'迎泽区',3,0),(2476,300,'尖草坪区',3,0),(2477,300,'万柏林区',3,0),(2478,300,'晋源区',3,0),(2479,300,'高新开发区',3,0),(2480,300,'民营经济开发区',3,0),(2481,300,'经济技术开发区',3,0),(2482,300,'清徐县',3,0),(2483,300,'阳曲县',3,0),(2484,300,'娄烦县',3,0),(2485,300,'古交市',3,0),(2486,301,'城区',3,0),(2487,301,'郊区',3,0),(2488,301,'沁县',3,0),(2489,301,'潞城市',3,0),(2490,301,'长治县',3,0),(2491,301,'襄垣县',3,0),(2492,301,'屯留县',3,0),(2493,301,'平顺县',3,0),(2494,301,'黎城县',3,0),(2495,301,'壶关县',3,0),(2496,301,'长子县',3,0),(2497,301,'武乡县',3,0),(2498,301,'沁源县',3,0),(2499,302,'城区',3,0),(2500,302,'矿区',3,0),(2501,302,'南郊区',3,0),(2502,302,'新荣区',3,0),(2503,302,'阳高县',3,0),(2504,302,'天镇县',3,0),(2505,302,'广灵县',3,0),(2506,302,'灵丘县',3,0),(2507,302,'浑源县',3,0),(2508,302,'左云县',3,0),(2509,302,'大同县',3,0),(2510,303,'城区',3,0),(2511,303,'高平市',3,0),(2512,303,'沁水县',3,0),(2513,303,'阳城县',3,0),(2514,303,'陵川县',3,0),(2515,303,'泽州县',3,0),(2516,304,'榆次区',3,0),(2517,304,'介休市',3,0),(2518,304,'榆社县',3,0),(2519,304,'左权县',3,0),(2520,304,'和顺县',3,0),(2521,304,'昔阳县',3,0),(2522,304,'寿阳县',3,0),(2523,304,'太谷县',3,0),(2524,304,'祁县',3,0),(2525,304,'平遥县',3,0),(2526,304,'灵石县',3,0),(2527,305,'尧都区',3,0),(2528,305,'侯马市',3,0),(2529,305,'霍州市',3,0),(2530,305,'曲沃县',3,0),(2531,305,'翼城县',3,0),(2532,305,'襄汾县',3,0),(2533,305,'洪洞县',3,0),(2534,305,'吉县',3,0),(2535,305,'安泽县',3,0),(2536,305,'浮山县',3,0),(2537,305,'古县',3,0),(2538,305,'乡宁县',3,0),(2539,305,'大宁县',3,0),(2540,305,'隰县',3,0),(2541,305,'永和县',3,0),(2542,305,'蒲县',3,0),(2543,305,'汾西县',3,0),(2544,306,'离石市',3,0),(2545,306,'离石区',3,0),(2546,306,'孝义市',3,0),(2547,306,'汾阳市',3,0),(2548,306,'文水县',3,0),(2549,306,'交城县',3,0),(2550,306,'兴县',3,0),(2551,306,'临县',3,0),(2552,306,'柳林县',3,0),(2553,306,'石楼县',3,0),(2554,306,'岚县',3,0),(2555,306,'方山县',3,0),(2556,306,'中阳县',3,0),(2557,306,'交口县',3,0),(2558,307,'朔城区',3,0),(2559,307,'平鲁区',3,0),(2560,307,'山阴县',3,0),(2561,307,'应县',3,0),(2562,307,'右玉县',3,0),(2563,307,'怀仁县',3,0),(2564,308,'忻府区',3,0),(2565,308,'原平市',3,0),(2566,308,'定襄县',3,0),(2567,308,'五台县',3,0),(2568,308,'代县',3,0),(2569,308,'繁峙县',3,0),(2570,308,'宁武县',3,0),(2571,308,'静乐县',3,0),(2572,308,'神池县',3,0),(2573,308,'五寨县',3,0),(2574,308,'岢岚县',3,0),(2575,308,'河曲县',3,0),(2576,308,'保德县',3,0),(2577,308,'偏关县',3,0),(2578,309,'城区',3,0),(2579,309,'矿区',3,0),(2580,309,'郊区',3,0),(2581,309,'平定县',3,0),(2582,309,'盂县',3,0),(2583,310,'盐湖区',3,0),(2584,310,'永济市',3,0),(2585,310,'河津市',3,0),(2586,310,'临猗县',3,0),(2587,310,'万荣县',3,0),(2588,310,'闻喜县',3,0),(2589,310,'稷山县',3,0),(2590,310,'新绛县',3,0),(2591,310,'绛县',3,0),(2592,310,'垣曲县',3,0),(2593,310,'夏县',3,0),(2594,310,'平陆县',3,0),(2595,310,'芮城县',3,0),(2596,311,'莲湖区',3,0),(2597,311,'新城区',3,0),(2598,311,'碑林区',3,0),(2599,311,'雁塔区',3,0),(2600,311,'灞桥区',3,0),(2601,311,'未央区',3,0),(2602,311,'阎良区',3,0),(2603,311,'临潼区',3,0),(2604,311,'长安区',3,0),(2605,311,'蓝田县',3,0),(2606,311,'周至县',3,0),(2607,311,'户县',3,0),(2608,311,'高陵县',3,0),(2609,312,'汉滨区',3,0),(2610,312,'汉阴县',3,0),(2611,312,'石泉县',3,0),(2612,312,'宁陕县',3,0),(2613,312,'紫阳县',3,0),(2614,312,'岚皋县',3,0),(2615,312,'平利县',3,0),(2616,312,'镇坪县',3,0),(2617,312,'旬阳县',3,0),(2618,312,'白河县',3,0),(2619,313,'陈仓区',3,0),(2620,313,'渭滨区',3,0),(2621,313,'金台区',3,0),(2622,313,'凤翔县',3,0),(2623,313,'岐山县',3,0),(2624,313,'扶风县',3,0),(2625,313,'眉县',3,0),(2626,313,'陇县',3,0),(2627,313,'千阳县',3,0),(2628,313,'麟游县',3,0),(2629,313,'凤县',3,0),(2630,313,'太白县',3,0),(2631,314,'汉台区',3,0),(2632,314,'南郑县',3,0),(2633,314,'城固县',3,0),(2634,314,'洋县',3,0),(2635,314,'西乡县',3,0),(2636,314,'勉县',3,0),(2637,314,'宁强县',3,0),(2638,314,'略阳县',3,0),(2639,314,'镇巴县',3,0),(2640,314,'留坝县',3,0),(2641,314,'佛坪县',3,0),(2642,315,'商州区',3,0),(2643,315,'洛南县',3,0),(2644,315,'丹凤县',3,0),(2645,315,'商南县',3,0),(2646,315,'山阳县',3,0),(2647,315,'镇安县',3,0),(2648,315,'柞水县',3,0),(2649,316,'耀州区',3,0),(2650,316,'王益区',3,0),(2651,316,'印台区',3,0),(2652,316,'宜君县',3,0),(2653,317,'临渭区',3,0),(2654,317,'韩城市',3,0),(2655,317,'华阴市',3,0),(2656,317,'华县',3,0),(2657,317,'潼关县',3,0),(2658,317,'大荔县',3,0),(2659,317,'合阳县',3,0),(2660,317,'澄城县',3,0),(2661,317,'蒲城县',3,0),(2662,317,'白水县',3,0),(2663,317,'富平县',3,0),(2664,318,'秦都区',3,0),(2665,318,'渭城区',3,0),(2666,318,'杨陵区',3,0),(2667,318,'兴平市',3,0),(2668,318,'三原县',3,0),(2669,318,'泾阳县',3,0),(2670,318,'乾县',3,0),(2671,318,'礼泉县',3,0),(2672,318,'永寿县',3,0),(2673,318,'彬县',3,0),(2674,318,'长武县',3,0),(2675,318,'旬邑县',3,0),(2676,318,'淳化县',3,0),(2677,318,'武功县',3,0),(2678,319,'吴起县',3,0),(2679,319,'宝塔区',3,0),(2680,319,'延长县',3,0),(2681,319,'延川县',3,0),(2682,319,'子长县',3,0),(2683,319,'安塞县',3,0),(2684,319,'志丹县',3,0),(2685,319,'甘泉县',3,0),(2686,319,'富县',3,0),(2687,319,'洛川县',3,0),(2688,319,'宜川县',3,0),(2689,319,'黄龙县',3,0),(2690,319,'黄陵县',3,0),(2691,320,'榆阳区',3,0),(2692,320,'神木县',3,0),(2693,320,'府谷县',3,0),(2694,320,'横山县',3,0),(2695,320,'靖边县',3,0),(2696,320,'定边县',3,0),(2697,320,'绥德县',3,0),(2698,320,'米脂县',3,0),(2699,320,'佳县',3,0),(2700,320,'吴堡县',3,0),(2701,320,'清涧县',3,0),(2702,320,'子洲县',3,0),(2703,321,'长宁区',3,0),(2704,321,'闸北区',3,0),(2705,321,'闵行区',3,0),(2706,321,'徐汇区',3,0),(2707,321,'浦东新区',3,0),(2708,321,'杨浦区',3,0),(2709,321,'普陀区',3,0),(2710,321,'静安区',3,0),(2711,321,'卢湾区',3,0),(2712,321,'虹口区',3,0),(2713,321,'黄浦区',3,0),(2714,321,'南汇区',3,0),(2715,321,'松江区',3,0),(2716,321,'嘉定区',3,0),(2717,321,'宝山区',3,0),(2718,321,'青浦区',3,0),(2719,321,'金山区',3,0),(2720,321,'奉贤区',3,0),(2721,321,'崇明县',3,0),(2722,322,'青羊区',3,0),(2723,322,'锦江区',3,0),(2724,322,'金牛区',3,0),(2725,322,'武侯区',3,0),(2726,322,'成华区',3,0),(2727,322,'龙泉驿区',3,0),(2728,322,'青白江区',3,0),(2729,322,'新都区',3,0),(2730,322,'温江区',3,0),(2731,322,'高新区',3,0),(2732,322,'高新西区',3,0),(2733,322,'都江堰市',3,0),(2734,322,'彭州市',3,0),(2735,322,'邛崃市',3,0),(2736,322,'崇州市',3,0),(2737,322,'金堂县',3,0),(2738,322,'双流县',3,0),(2739,322,'郫县',3,0),(2740,322,'大邑县',3,0),(2741,322,'蒲江县',3,0),(2742,322,'新津县',3,0),(2743,322,'都江堰市',3,0),(2744,322,'彭州市',3,0),(2745,322,'邛崃市',3,0),(2746,322,'崇州市',3,0),(2747,322,'金堂县',3,0),(2748,322,'双流县',3,0),(2749,322,'郫县',3,0),(2750,322,'大邑县',3,0),(2751,322,'蒲江县',3,0),(2752,322,'新津县',3,0),(2753,323,'涪城区',3,0),(2754,323,'游仙区',3,0),(2755,323,'江油市',3,0),(2756,323,'盐亭县',3,0),(2757,323,'三台县',3,0),(2758,323,'平武县',3,0),(2759,323,'安县',3,0),(2760,323,'梓潼县',3,0),(2761,323,'北川县',3,0),(2762,324,'马尔康县',3,0),(2763,324,'汶川县',3,0),(2764,324,'理县',3,0),(2765,324,'茂县',3,0),(2766,324,'松潘县',3,0),(2767,324,'九寨沟县',3,0),(2768,324,'金川县',3,0),(2769,324,'小金县',3,0),(2770,324,'黑水县',3,0),(2771,324,'壤塘县',3,0),(2772,324,'阿坝县',3,0),(2773,324,'若尔盖县',3,0),(2774,324,'红原县',3,0),(2775,325,'巴州区',3,0),(2776,325,'通江县',3,0),(2777,325,'南江县',3,0),(2778,325,'平昌县',3,0),(2779,326,'通川区',3,0),(2780,326,'万源市',3,0),(2781,326,'达县',3,0),(2782,326,'宣汉县',3,0),(2783,326,'开江县',3,0),(2784,326,'大竹县',3,0),(2785,326,'渠县',3,0),(2786,327,'旌阳区',3,0),(2787,327,'广汉市',3,0),(2788,327,'什邡市',3,0),(2789,327,'绵竹市',3,0),(2790,327,'罗江县',3,0),(2791,327,'中江县',3,0),(2792,328,'康定县',3,0),(2793,328,'丹巴县',3,0),(2794,328,'泸定县',3,0),(2795,328,'炉霍县',3,0),(2796,328,'九龙县',3,0),(2797,328,'甘孜县',3,0),(2798,328,'雅江县',3,0),(2799,328,'新龙县',3,0),(2800,328,'道孚县',3,0),(2801,328,'白玉县',3,0),(2802,328,'理塘县',3,0),(2803,328,'德格县',3,0),(2804,328,'乡城县',3,0),(2805,328,'石渠县',3,0),(2806,328,'稻城县',3,0),(2807,328,'色达县',3,0),(2808,328,'巴塘县',3,0),(2809,328,'得荣县',3,0),(2810,329,'广安区',3,0),(2811,329,'华蓥市',3,0),(2812,329,'岳池县',3,0),(2813,329,'武胜县',3,0),(2814,329,'邻水县',3,0),(2815,330,'利州区',3,0),(2816,330,'元坝区',3,0),(2817,330,'朝天区',3,0),(2818,330,'旺苍县',3,0),(2819,330,'青川县',3,0),(2820,330,'剑阁县',3,0),(2821,330,'苍溪县',3,0),(2822,331,'峨眉山市',3,0),(2823,331,'乐山市',3,0),(2824,331,'犍为县',3,0),(2825,331,'井研县',3,0),(2826,331,'夹江县',3,0),(2827,331,'沐川县',3,0),(2828,331,'峨边',3,0),(2829,331,'马边',3,0),(2830,332,'西昌市',3,0),(2831,332,'盐源县',3,0),(2832,332,'德昌县',3,0),(2833,332,'会理县',3,0),(2834,332,'会东县',3,0),(2835,332,'宁南县',3,0),(2836,332,'普格县',3,0),(2837,332,'布拖县',3,0),(2838,332,'金阳县',3,0),(2839,332,'昭觉县',3,0),(2840,332,'喜德县',3,0),(2841,332,'冕宁县',3,0),(2842,332,'越西县',3,0),(2843,332,'甘洛县',3,0),(2844,332,'美姑县',3,0),(2845,332,'雷波县',3,0),(2846,332,'木里',3,0),(2847,333,'东坡区',3,0),(2848,333,'仁寿县',3,0),(2849,333,'彭山县',3,0),(2850,333,'洪雅县',3,0),(2851,333,'丹棱县',3,0),(2852,333,'青神县',3,0),(2853,334,'阆中市',3,0),(2854,334,'南部县',3,0),(2855,334,'营山县',3,0),(2856,334,'蓬安县',3,0),(2857,334,'仪陇县',3,0),(2858,334,'顺庆区',3,0),(2859,334,'高坪区',3,0),(2860,334,'嘉陵区',3,0),(2861,334,'西充县',3,0),(2862,335,'市中区',3,0),(2863,335,'东兴区',3,0),(2864,335,'威远县',3,0),(2865,335,'资中县',3,0),(2866,335,'隆昌县',3,0),(2867,336,'东  区',3,0),(2868,336,'西  区',3,0),(2869,336,'仁和区',3,0),(2870,336,'米易县',3,0),(2871,336,'盐边县',3,0),(2872,337,'船山区',3,0),(2873,337,'安居区',3,0),(2874,337,'蓬溪县',3,0),(2875,337,'射洪县',3,0),(2876,337,'大英县',3,0),(2877,338,'雨城区',3,0),(2878,338,'名山县',3,0),(2879,338,'荥经县',3,0),(2880,338,'汉源县',3,0),(2881,338,'石棉县',3,0),(2882,338,'天全县',3,0),(2883,338,'芦山县',3,0),(2884,338,'宝兴县',3,0),(2885,339,'翠屏区',3,0),(2886,339,'宜宾县',3,0),(2887,339,'南溪县',3,0),(2888,339,'江安县',3,0),(2889,339,'长宁县',3,0),(2890,339,'高县',3,0),(2891,339,'珙县',3,0),(2892,339,'筠连县',3,0),(2893,339,'兴文县',3,0),(2894,339,'屏山县',3,0),(2895,340,'雁江区',3,0),(2896,340,'简阳市',3,0),(2897,340,'安岳县',3,0),(2898,340,'乐至县',3,0),(2899,341,'大安区',3,0),(2900,341,'自流井区',3,0),(2901,341,'贡井区',3,0),(2902,341,'沿滩区',3,0),(2903,341,'荣县',3,0),(2904,341,'富顺县',3,0),(2905,342,'江阳区',3,0),(2906,342,'纳溪区',3,0),(2907,342,'龙马潭区',3,0),(2908,342,'泸县',3,0),(2909,342,'合江县',3,0),(2910,342,'叙永县',3,0),(2911,342,'古蔺县',3,0),(2912,343,'和平区',3,0),(2913,343,'河西区',3,0),(2914,343,'南开区',3,0),(2915,343,'河北区',3,0),(2916,343,'河东区',3,0),(2917,343,'红桥区',3,0),(2918,343,'东丽区',3,0),(2919,343,'津南区',3,0),(2920,343,'西青区',3,0),(2921,343,'北辰区',3,0),(2922,343,'塘沽区',3,0),(2923,343,'汉沽区',3,0),(2924,343,'大港区',3,0),(2925,343,'武清区',3,0),(2926,343,'宝坻区',3,0),(2927,343,'经济开发区',3,0),(2928,343,'宁河县',3,0),(2929,343,'静海县',3,0),(2930,343,'蓟县',3,0),(2931,344,'城关区',3,0),(2932,344,'林周县',3,0),(2933,344,'当雄县',3,0),(2934,344,'尼木县',3,0),(2935,344,'曲水县',3,0),(2936,344,'堆龙德庆县',3,0),(2937,344,'达孜县',3,0),(2938,344,'墨竹工卡县',3,0),(2939,345,'噶尔县',3,0),(2940,345,'普兰县',3,0),(2941,345,'札达县',3,0),(2942,345,'日土县',3,0),(2943,345,'革吉县',3,0),(2944,345,'改则县',3,0),(2945,345,'措勤县',3,0),(2946,346,'昌都县',3,0),(2947,346,'江达县',3,0),(2948,346,'贡觉县',3,0),(2949,346,'类乌齐县',3,0),(2950,346,'丁青县',3,0),(2951,346,'察雅县',3,0),(2952,346,'八宿县',3,0),(2953,346,'左贡县',3,0),(2954,346,'芒康县',3,0),(2955,346,'洛隆县',3,0),(2956,346,'边坝县',3,0),(2957,347,'林芝县',3,0),(2958,347,'工布江达县',3,0),(2959,347,'米林县',3,0),(2960,347,'墨脱县',3,0),(2961,347,'波密县',3,0),(2962,347,'察隅县',3,0),(2963,347,'朗县',3,0),(2964,348,'那曲县',3,0),(2965,348,'嘉黎县',3,0),(2966,348,'比如县',3,0),(2967,348,'聂荣县',3,0),(2968,348,'安多县',3,0),(2969,348,'申扎县',3,0),(2970,348,'索县',3,0),(2971,348,'班戈县',3,0),(2972,348,'巴青县',3,0),(2973,348,'尼玛县',3,0),(2974,349,'日喀则市',3,0),(2975,349,'南木林县',3,0),(2976,349,'江孜县',3,0),(2977,349,'定日县',3,0),(2978,349,'萨迦县',3,0),(2979,349,'拉孜县',3,0),(2980,349,'昂仁县',3,0),(2981,349,'谢通门县',3,0),(2982,349,'白朗县',3,0),(2983,349,'仁布县',3,0),(2984,349,'康马县',3,0),(2985,349,'定结县',3,0),(2986,349,'仲巴县',3,0),(2987,349,'亚东县',3,0),(2988,349,'吉隆县',3,0),(2989,349,'聂拉木县',3,0),(2990,349,'萨嘎县',3,0),(2991,349,'岗巴县',3,0),(2992,350,'乃东县',3,0),(2993,350,'扎囊县',3,0),(2994,350,'贡嘎县',3,0),(2995,350,'桑日县',3,0),(2996,350,'琼结县',3,0),(2997,350,'曲松县',3,0),(2998,350,'措美县',3,0),(2999,350,'洛扎县',3,0),(3000,350,'加查县',3,0),(3001,350,'隆子县',3,0),(3002,350,'错那县',3,0),(3003,350,'浪卡子县',3,0),(3004,351,'天山区',3,0),(3005,351,'沙依巴克区',3,0),(3006,351,'新市区',3,0),(3007,351,'水磨沟区',3,0),(3008,351,'头屯河区',3,0),(3009,351,'达坂城区',3,0),(3010,351,'米东区',3,0),(3011,351,'乌鲁木齐县',3,0),(3012,352,'阿克苏市',3,0),(3013,352,'温宿县',3,0),(3014,352,'库车县',3,0),(3015,352,'沙雅县',3,0),(3016,352,'新和县',3,0),(3017,352,'拜城县',3,0),(3018,352,'乌什县',3,0),(3019,352,'阿瓦提县',3,0),(3020,352,'柯坪县',3,0),(3021,353,'阿拉尔市',3,0),(3022,354,'库尔勒市',3,0),(3023,354,'轮台县',3,0),(3024,354,'尉犁县',3,0),(3025,354,'若羌县',3,0),(3026,354,'且末县',3,0),(3027,354,'焉耆',3,0),(3028,354,'和静县',3,0),(3029,354,'和硕县',3,0),(3030,354,'博湖县',3,0),(3031,355,'博乐市',3,0),(3032,355,'精河县',3,0),(3033,355,'温泉县',3,0),(3034,356,'呼图壁县',3,0),(3035,356,'米泉市',3,0),(3036,356,'昌吉市',3,0),(3037,356,'阜康市',3,0),(3038,356,'玛纳斯县',3,0),(3039,356,'奇台县',3,0),(3040,356,'吉木萨尔县',3,0),(3041,356,'木垒',3,0),(3042,357,'哈密市',3,0),(3043,357,'伊吾县',3,0),(3044,357,'巴里坤',3,0),(3045,358,'和田市',3,0),(3046,358,'和田县',3,0),(3047,358,'墨玉县',3,0),(3048,358,'皮山县',3,0),(3049,358,'洛浦县',3,0),(3050,358,'策勒县',3,0),(3051,358,'于田县',3,0),(3052,358,'民丰县',3,0),(3053,359,'喀什市',3,0),(3054,359,'疏附县',3,0),(3055,359,'疏勒县',3,0),(3056,359,'英吉沙县',3,0),(3057,359,'泽普县',3,0),(3058,359,'莎车县',3,0),(3059,359,'叶城县',3,0),(3060,359,'麦盖提县',3,0),(3061,359,'岳普湖县',3,0),(3062,359,'伽师县',3,0),(3063,359,'巴楚县',3,0),(3064,359,'塔什库尔干',3,0),(3065,360,'克拉玛依市',3,0),(3066,361,'阿图什市',3,0),(3067,361,'阿克陶县',3,0),(3068,361,'阿合奇县',3,0),(3069,361,'乌恰县',3,0),(3070,362,'石河子市',3,0),(3071,363,'图木舒克市',3,0),(3072,364,'吐鲁番市',3,0),(3073,364,'鄯善县',3,0),(3074,364,'托克逊县',3,0),(3075,365,'五家渠市',3,0),(3076,366,'阿勒泰市',3,0),(3077,366,'布克赛尔',3,0),(3078,366,'伊宁市',3,0),(3079,366,'布尔津县',3,0),(3080,366,'奎屯市',3,0),(3081,366,'乌苏市',3,0),(3082,366,'额敏县',3,0),(3083,366,'富蕴县',3,0),(3084,366,'伊宁县',3,0),(3085,366,'福海县',3,0),(3086,366,'霍城县',3,0),(3087,366,'沙湾县',3,0),(3088,366,'巩留县',3,0),(3089,366,'哈巴河县',3,0),(3090,366,'托里县',3,0),(3091,366,'青河县',3,0),(3092,366,'新源县',3,0),(3093,366,'裕民县',3,0),(3094,366,'和布克赛尔',3,0),(3095,366,'吉木乃县',3,0),(3096,366,'昭苏县',3,0),(3097,366,'特克斯县',3,0),(3098,366,'尼勒克县',3,0),(3099,366,'察布查尔',3,0),(3100,367,'盘龙区',3,0),(3101,367,'五华区',3,0),(3102,367,'官渡区',3,0),(3103,367,'西山区',3,0),(3104,367,'东川区',3,0),(3105,367,'安宁市',3,0),(3106,367,'呈贡县',3,0),(3107,367,'晋宁县',3,0),(3108,367,'富民县',3,0),(3109,367,'宜良县',3,0),(3110,367,'嵩明县',3,0),(3111,367,'石林县',3,0),(3112,367,'禄劝',3,0),(3113,367,'寻甸',3,0),(3114,368,'兰坪',3,0),(3115,368,'泸水县',3,0),(3116,368,'福贡县',3,0),(3117,368,'贡山',3,0),(3118,369,'宁洱',3,0),(3119,369,'思茅区',3,0),(3120,369,'墨江',3,0),(3121,369,'景东',3,0),(3122,369,'景谷',3,0),(3123,369,'镇沅',3,0),(3124,369,'江城',3,0),(3125,369,'孟连',3,0),(3126,369,'澜沧',3,0),(3127,369,'西盟',3,0),(3128,370,'古城区',3,0),(3129,370,'宁蒗',3,0),(3130,370,'玉龙',3,0),(3131,370,'永胜县',3,0),(3132,370,'华坪县',3,0),(3133,371,'隆阳区',3,0),(3134,371,'施甸县',3,0),(3135,371,'腾冲县',3,0),(3136,371,'龙陵县',3,0),(3137,371,'昌宁县',3,0),(3138,372,'楚雄市',3,0),(3139,372,'双柏县',3,0),(3140,372,'牟定县',3,0),(3141,372,'南华县',3,0),(3142,372,'姚安县',3,0),(3143,372,'大姚县',3,0),(3144,372,'永仁县',3,0),(3145,372,'元谋县',3,0),(3146,372,'武定县',3,0),(3147,372,'禄丰县',3,0),(3148,373,'大理市',3,0),(3149,373,'祥云县',3,0),(3150,373,'宾川县',3,0),(3151,373,'弥渡县',3,0),(3152,373,'永平县',3,0),(3153,373,'云龙县',3,0),(3154,373,'洱源县',3,0),(3155,373,'剑川县',3,0),(3156,373,'鹤庆县',3,0),(3157,373,'漾濞',3,0),(3158,373,'南涧',3,0),(3159,373,'巍山',3,0),(3160,374,'潞西市',3,0),(3161,374,'瑞丽市',3,0),(3162,374,'梁河县',3,0),(3163,374,'盈江县',3,0),(3164,374,'陇川县',3,0),(3165,375,'香格里拉县',3,0),(3166,375,'德钦县',3,0),(3167,375,'维西',3,0),(3168,376,'泸西县',3,0),(3169,376,'蒙自县',3,0),(3170,376,'个旧市',3,0),(3171,376,'开远市',3,0),(3172,376,'绿春县',3,0),(3173,376,'建水县',3,0),(3174,376,'石屏县',3,0),(3175,376,'弥勒县',3,0),(3176,376,'元阳县',3,0),(3177,376,'红河县',3,0),(3178,376,'金平',3,0),(3179,376,'河口',3,0),(3180,376,'屏边',3,0),(3181,377,'临翔区',3,0),(3182,377,'凤庆县',3,0),(3183,377,'云县',3,0),(3184,377,'永德县',3,0),(3185,377,'镇康县',3,0),(3186,377,'双江',3,0),(3187,377,'耿马',3,0),(3188,377,'沧源',3,0),(3189,378,'麒麟区',3,0),(3190,378,'宣威市',3,0),(3191,378,'马龙县',3,0),(3192,378,'陆良县',3,0),(3193,378,'师宗县',3,0),(3194,378,'罗平县',3,0),(3195,378,'富源县',3,0),(3196,378,'会泽县',3,0),(3197,378,'沾益县',3,0),(3198,379,'文山县',3,0),(3199,379,'砚山县',3,0),(3200,379,'西畴县',3,0),(3201,379,'麻栗坡县',3,0),(3202,379,'马关县',3,0),(3203,379,'丘北县',3,0),(3204,379,'广南县',3,0),(3205,379,'富宁县',3,0),(3206,380,'景洪市',3,0),(3207,380,'勐海县',3,0),(3208,380,'勐腊县',3,0),(3209,381,'红塔区',3,0),(3210,381,'江川县',3,0),(3211,381,'澄江县',3,0),(3212,381,'通海县',3,0),(3213,381,'华宁县',3,0),(3214,381,'易门县',3,0),(3215,381,'峨山',3,0),(3216,381,'新平',3,0),(3217,381,'元江',3,0),(3218,382,'昭阳区',3,0),(3219,382,'鲁甸县',3,0),(3220,382,'巧家县',3,0),(3221,382,'盐津县',3,0),(3222,382,'大关县',3,0),(3223,382,'永善县',3,0),(3224,382,'绥江县',3,0),(3225,382,'镇雄县',3,0),(3226,382,'彝良县',3,0),(3227,382,'威信县',3,0),(3228,382,'水富县',3,0),(3229,383,'西湖区',3,0),(3230,383,'上城区',3,0),(3231,383,'下城区',3,0),(3232,383,'拱墅区',3,0),(3233,383,'滨江区',3,0),(3234,383,'江干区',3,0),(3235,383,'萧山区',3,0),(3236,383,'余杭区',3,0),(3237,383,'市郊',3,0),(3238,383,'建德市',3,0),(3239,383,'富阳市',3,0),(3240,383,'临安市',3,0),(3241,383,'桐庐县',3,0),(3242,383,'淳安县',3,0),(3243,384,'吴兴区',3,0),(3244,384,'南浔区',3,0),(3245,384,'德清县',3,0),(3246,384,'长兴县',3,0),(3247,384,'安吉县',3,0),(3248,385,'南湖区',3,0),(3249,385,'秀洲区',3,0),(3250,385,'海宁市',3,0),(3251,385,'嘉善县',3,0),(3252,385,'平湖市',3,0),(3253,385,'桐乡市',3,0),(3254,385,'海盐县',3,0),(3255,386,'婺城区',3,0),(3256,386,'金东区',3,0),(3257,386,'兰溪市',3,0),(3258,386,'市区',3,0),(3259,386,'佛堂镇',3,0),(3260,386,'上溪镇',3,0),(3261,386,'义亭镇',3,0),(3262,386,'大陈镇',3,0),(3263,386,'苏溪镇',3,0),(3264,386,'赤岸镇',3,0),(3265,386,'东阳市',3,0),(3266,386,'永康市',3,0),(3267,386,'武义县',3,0),(3268,386,'浦江县',3,0),(3269,386,'磐安县',3,0),(3270,387,'莲都区',3,0),(3271,387,'龙泉市',3,0),(3272,387,'青田县',3,0),(3273,387,'缙云县',3,0),(3274,387,'遂昌县',3,0),(3275,387,'松阳县',3,0),(3276,387,'云和县',3,0),(3277,387,'庆元县',3,0),(3278,387,'景宁',3,0),(3279,388,'海曙区',3,0),(3280,388,'江东区',3,0),(3281,388,'江北区',3,0),(3282,388,'镇海区',3,0),(3283,388,'北仑区',3,0),(3284,388,'鄞州区',3,0),(3285,388,'余姚市',3,0),(3286,388,'慈溪市',3,0),(3287,388,'奉化市',3,0),(3288,388,'象山县',3,0),(3289,388,'宁海县',3,0),(3290,389,'越城区',3,0),(3291,389,'上虞市',3,0),(3292,389,'嵊州市',3,0),(3293,389,'绍兴县',3,0),(3294,389,'新昌县',3,0),(3295,389,'诸暨市',3,0),(3296,390,'椒江区',3,0),(3297,390,'黄岩区',3,0),(3298,390,'路桥区',3,0),(3299,390,'温岭市',3,0),(3300,390,'临海市',3,0),(3301,390,'玉环县',3,0),(3302,390,'三门县',3,0),(3303,390,'天台县',3,0),(3304,390,'仙居县',3,0),(3305,391,'鹿城区',3,0),(3306,391,'龙湾区',3,0),(3307,391,'瓯海区',3,0),(3308,391,'瑞安市',3,0),(3309,391,'乐清市',3,0),(3310,391,'洞头县',3,0),(3311,391,'永嘉县',3,0),(3312,391,'平阳县',3,0),(3313,391,'苍南县',3,0),(3314,391,'文成县',3,0),(3315,391,'泰顺县',3,0),(3316,392,'定海区',3,0),(3317,392,'普陀区',3,0),(3318,392,'岱山县',3,0),(3319,392,'嵊泗县',3,0),(3320,393,'衢州市',3,0),(3321,393,'江山市',3,0),(3322,393,'常山县',3,0),(3323,393,'开化县',3,0),(3324,393,'龙游县',3,0),(3325,394,'合川区',3,0),(3326,394,'江津区',3,0),(3327,394,'南川区',3,0),(3328,394,'永川区',3,0),(3329,394,'南岸区',3,0),(3330,394,'渝北区',3,0),(3331,394,'万盛区',3,0),(3332,394,'大渡口区',3,0),(3333,394,'万州区',3,0),(3334,394,'北碚区',3,0),(3335,394,'沙坪坝区',3,0),(3336,394,'巴南区',3,0),(3337,394,'涪陵区',3,0),(3338,394,'江北区',3,0),(3339,394,'九龙坡区',3,0),(3340,394,'渝中区',3,0),(3341,394,'黔江开发区',3,0),(3342,394,'长寿区',3,0),(3343,394,'双桥区',3,0),(3344,394,'綦江县',3,0),(3345,394,'潼南县',3,0),(3346,394,'铜梁县',3,0),(3347,394,'大足县',3,0),(3348,394,'荣昌县',3,0),(3349,394,'璧山县',3,0),(3350,394,'垫江县',3,0),(3351,394,'武隆县',3,0),(3352,394,'丰都县',3,0),(3353,394,'城口县',3,0),(3354,394,'梁平县',3,0),(3355,394,'开县',3,0),(3356,394,'巫溪县',3,0),(3357,394,'巫山县',3,0),(3358,394,'奉节县',3,0),(3359,394,'云阳县',3,0),(3360,394,'忠县',3,0),(3361,394,'石柱',3,0),(3362,394,'彭水',3,0),(3363,394,'酉阳',3,0),(3364,394,'秀山',3,0),(3365,395,'沙田区',3,0),(3366,395,'东区',3,0),(3367,395,'观塘区',3,0),(3368,395,'黄大仙区',3,0),(3369,395,'九龙城区',3,0),(3370,395,'屯门区',3,0),(3371,395,'葵青区',3,0),(3372,395,'元朗区',3,0),(3373,395,'深水埗区',3,0),(3374,395,'西贡区',3,0),(3375,395,'大埔区',3,0),(3376,395,'湾仔区',3,0),(3377,395,'油尖旺区',3,0),(3378,395,'北区',3,0),(3379,395,'南区',3,0),(3380,395,'荃湾区',3,0),(3381,395,'中西区',3,0),(3382,395,'离岛区',3,0),(3383,396,'澳门',3,0),(3384,397,'台北',3,0),(3385,397,'高雄',3,0),(3386,397,'基隆',3,0),(3387,397,'台中',3,0),(3388,397,'台南',3,0),(3389,397,'新竹',3,0),(3390,397,'嘉义',3,0),(3391,397,'宜兰县',3,0),(3392,397,'桃园县',3,0),(3393,397,'苗栗县',3,0),(3394,397,'彰化县',3,0),(3395,397,'南投县',3,0),(3396,397,'云林县',3,0),(3397,397,'屏东县',3,0),(3398,397,'台东县',3,0),(3399,397,'花莲县',3,0),(3400,397,'澎湖县',3,0),(3401,3,'合肥',2,0),(3402,3401,'庐阳区',3,0),(3403,3401,'瑶海区',3,0),(3404,3401,'蜀山区',3,0),(3405,3401,'包河区',3,0),(3406,3401,'长丰县',3,0),(3407,3401,'肥东县',3,0),(3408,3401,'肥西县',3,0);
/*!40000 ALTER TABLE `Area` ENABLE KEYS */;
UNLOCK TABLES;

--
-- Table structure for table `Invoice`
--

DROP TABLE IF EXISTS `Invoice`;
/*!40101 SET @saved_cs_client     = @@character_set_client */;
/*!40101 SET character_set_client = utf8 */;
CREATE TABLE `Invoice` (
  `id` int(11) NOT NULL AUTO_INCREMENT,
  `create_date` datetime DEFAULT NULL,
  `update_date` datetime DEFAULT NULL,
  `deleted` tinyint(1) DEFAULT '0',
  `user_id` int(11) DEFAULT NULL,
  `order_id` int(11) DEFAULT NULL,
  `type` char(2) DEFAULT 'N' COMMENT '普通发票:N\n电子发票:E',
  `title` varchar(40) DEFAULT NULL,
  `title_type` char(2) DEFAULT 'P' COMMENT '个人:P\n公司:C',
  `content_type` varchar(45) DEFAULT NULL,
  `phone` varchar(11) DEFAULT NULL,
  `email` varchar(45) DEFAULT NULL,
  PRIMARY KEY (`id`)
) ENGINE=InnoDB AUTO_INCREMENT=76 DEFAULT CHARSET=utf8;
/*!40101 SET character_set_client = @saved_cs_client */;

--
-- Dumping data for table `Invoice`
--

LOCK TABLES `Invoice` WRITE;
/*!40000 ALTER TABLE `Invoice` DISABLE KEYS */;
INSERT INTO `Invoice` VALUES (1,'2016-12-19 09:16:33','2016-12-19 09:16:33',0,2,35,'E','title','C','book','1541193387',''),(2,'2016-12-20 11:09:31','2016-12-20 11:09:31',0,2,45,'E','title','C','book','1541193387',''),(5,'2018-03-20 20:15:50','2018-03-20 20:15:50',0,23,52,'N',NULL,'P',NULL,NULL,NULL),(6,'2018-03-20 20:19:08','2018-03-20 20:19:08',0,23,53,'N',NULL,'P',NULL,NULL,NULL),(8,'2018-03-20 20:26:04','2018-03-20 20:26:04',0,23,55,'N',NULL,'P',NULL,NULL,NULL),(9,'2018-03-20 20:29:26','2018-03-20 20:29:26',0,23,56,'N',NULL,'P',NULL,NULL,NULL),(10,'2018-03-21 20:19:02','2018-03-21 20:19:02',0,23,57,'N',NULL,'P',NULL,NULL,NULL),(13,'2018-04-08 18:04:14','2018-04-08 18:04:14',0,23,64,'N',NULL,'P',NULL,NULL,NULL),(14,'2018-04-09 20:08:31','2018-04-09 20:08:31',0,23,65,'N',NULL,'P',NULL,NULL,NULL),(15,'2018-04-09 20:10:43','2018-04-09 20:10:43',0,23,66,'N',NULL,'P',NULL,NULL,NULL),(16,'2018-04-09 20:13:13','2018-04-09 20:13:13',0,23,67,'N',NULL,'P',NULL,NULL,NULL),(17,'2018-04-09 21:16:46','2018-04-09 21:16:46',0,23,68,'N',NULL,'P',NULL,NULL,NULL),(18,'2018-04-09 21:50:12','2018-04-09 21:50:12',0,23,69,'N',NULL,'P',NULL,NULL,NULL),(23,'2018-04-10 19:36:53','2018-04-10 19:36:53',0,23,74,'N',NULL,'P',NULL,NULL,NULL),(24,'2018-04-10 20:20:59','2018-04-10 20:20:59',0,23,75,'N',NULL,'P',NULL,NULL,NULL),(25,'2018-04-10 21:37:32','2018-04-10 21:37:32',0,23,76,'N',NULL,'P',NULL,NULL,NULL),(26,'2018-04-10 21:38:40','2018-04-10 21:38:40',0,23,77,'N',NULL,'P',NULL,NULL,NULL),(27,'2018-04-10 21:40:38','2018-04-10 21:40:38',0,23,78,'N',NULL,'P',NULL,NULL,NULL),(28,'2018-04-11 20:44:27','2018-04-11 20:44:27',0,23,79,'N',NULL,'P',NULL,NULL,NULL),(34,'2018-04-11 20:54:28','2018-04-11 20:54:28',0,23,85,'N',NULL,'P',NULL,NULL,NULL),(35,'2018-04-11 20:55:17','2018-04-11 20:55:17',0,23,86,'N',NULL,'P',NULL,NULL,NULL),(36,'2018-04-11 20:57:16','2018-04-11 20:57:16',0,23,87,'N',NULL,'P',NULL,NULL,NULL),(37,'2018-04-11 20:59:33','2018-04-11 20:59:33',0,23,88,'N',NULL,'P',NULL,NULL,NULL),(38,'2018-04-11 21:02:01','2018-04-11 21:02:01',0,23,89,'N',NULL,'P',NULL,NULL,NULL),(39,'2018-04-11 21:03:13','2018-04-11 21:03:13',0,23,90,'N',NULL,'P',NULL,NULL,NULL),(40,'2018-04-11 21:07:40','2018-04-11 21:07:40',0,23,91,'N',NULL,'P',NULL,NULL,NULL),(41,'2018-04-11 21:36:03','2018-04-11 21:36:03',0,23,92,'N',NULL,'P',NULL,NULL,NULL),(42,'2018-04-11 21:39:26','2018-04-11 21:39:26',0,23,93,'N',NULL,'P',NULL,NULL,NULL),(48,'2018-04-11 21:47:11','2018-04-11 21:47:11',0,23,99,'N',NULL,'P',NULL,NULL,NULL),(49,'2018-04-11 21:48:12','2018-04-11 21:48:12',0,23,100,'N',NULL,'P',NULL,NULL,NULL),(50,'2018-04-11 21:50:05','2018-04-11 21:50:05',0,23,101,'N',NULL,'P',NULL,NULL,NULL),(51,'2018-04-11 21:59:08','2018-04-11 21:59:08',0,23,102,'N',NULL,'P',NULL,NULL,NULL),(52,'2018-04-11 22:02:07','2018-04-11 22:02:07',0,23,103,'N',NULL,'P',NULL,NULL,NULL),(53,'2018-04-17 22:15:11','2018-04-17 22:15:11',0,23,104,'N',NULL,'P',NULL,NULL,NULL),(54,'2018-04-17 22:22:11','2018-04-17 22:22:11',0,23,105,'N',NULL,'P',NULL,NULL,NULL),(55,'2018-04-17 22:29:56','2018-04-17 22:29:56',0,23,106,'N',NULL,'P',NULL,NULL,NULL),(56,'2018-04-17 22:32:38','2018-04-17 22:32:38',0,23,107,'N',NULL,'P',NULL,NULL,NULL),(57,'2018-04-17 22:33:59','2018-04-17 22:33:59',0,23,108,'N',NULL,'P',NULL,NULL,NULL),(58,'2018-04-17 22:37:27','2018-04-17 22:37:27',0,23,109,'N',NULL,'P',NULL,NULL,NULL),(59,'2018-04-18 07:38:56','2018-04-18 07:38:56',0,23,110,'N',NULL,'P',NULL,NULL,NULL),(63,'2018-04-25 22:05:36','2018-04-25 22:05:36',0,23,114,'N',NULL,'P',NULL,NULL,NULL),(64,'2018-04-25 22:06:26','2018-04-25 22:06:26',0,23,115,'N',NULL,'P',NULL,NULL,NULL),(65,'2018-04-26 20:14:33','2018-04-26 20:14:33',0,23,116,'N',NULL,'P',NULL,NULL,NULL),(66,'2018-04-28 07:30:19','2018-04-28 07:30:19',0,23,117,'N',NULL,'P',NULL,NULL,NULL),(67,'2018-04-28 07:30:59','2018-04-28 07:30:59',0,23,118,'N',NULL,'P',NULL,NULL,NULL),(68,'2018-04-28 07:33:12','2018-04-28 07:33:12',0,23,119,'N',NULL,'P',NULL,NULL,NULL),(69,'2018-04-28 07:33:55','2018-04-28 07:33:55',0,23,120,'N',NULL,'P',NULL,NULL,NULL),(70,'2018-04-28 07:35:47','2018-04-28 07:35:47',0,23,121,'N',NULL,'P',NULL,NULL,NULL),(71,'2018-05-06 20:42:08','2018-05-06 20:42:08',0,23,122,'N',NULL,'P',NULL,NULL,NULL),(72,'2018-05-13 18:59:14','2018-05-13 18:59:14',0,26,123,'N',NULL,'P',NULL,NULL,NULL),(73,'2018-05-13 19:05:13','2018-05-13 19:05:13',0,26,124,'N',NULL,'P',NULL,NULL,NULL),(74,'2018-05-13 19:27:19','2018-05-13 19:27:19',0,26,125,'N',NULL,'P',NULL,NULL,NULL),(75,'2018-05-13 21:28:22','2018-05-13 21:28:22',0,27,126,'N',NULL,'P',NULL,NULL,NULL);
/*!40000 ALTER TABLE `Invoice` ENABLE KEYS */;
UNLOCK TABLES;

--
-- Table structure for table `Order`
--

DROP TABLE IF EXISTS `Order`;
/*!40101 SET @saved_cs_client     = @@character_set_client */;
/*!40101 SET character_set_client = utf8 */;
CREATE TABLE `Order` (
  `id` int(11) NOT NULL AUTO_INCREMENT,
  `sn` varchar(32) DEFAULT NULL,
  `create_date` datetime DEFAULT NULL,
  `update_date` datetime DEFAULT CURRENT_TIMESTAMP,
  `deleted` tinyint(1) DEFAULT '0',
  `user_id` int(11) DEFAULT NULL,
  `note` varchar(100) DEFAULT NULL,
  `is_point_used` tinyint(1) DEFAULT '0',
  `gained_point` float DEFAULT '0',
  `used_point` float DEFAULT '0',
  `point_deduction_total` decimal(5,2) DEFAULT '0.00',
  `prod_total_quantity` smallint(4) DEFAULT NULL,
  `prod_total_price` decimal(5,2) DEFAULT '0.00' COMMENT '商品总价格(不算运费和订单活动优惠)',
  `total_price` decimal(5,2) DEFAULT '0.00' COMMENT '最终应付款',
  `status` varchar(8) DEFAULT '0',
  `cancel_reason` varchar(40) DEFAULT NULL,
  `payment_id` int(11) DEFAULT NULL,
  `paymethod_code` char(8) DEFAULT NULL,
  `paymethod_name` varchar(20) DEFAULT NULL,
  `address_id` int(11) DEFAULT NULL,
  `address_consignee` varchar(40) DEFAULT NULL,
  `address_detail` varchar(255) DEFAULT NULL,
  `address_phone` char(11) DEFAULT NULL,
  `address_email` varchar(45) DEFAULT NULL,
  `dly_method` varchar(16) DEFAULT NULL,
  `is_coupon_used` tinyint(1) DEFAULT '0',
  `used_coupon_id` int(11) DEFAULT NULL,
  `used_coupon_msg` varchar(45) DEFAULT NULL COMMENT '优惠劵信息',
  `coupon_deduction_total` decimal(5,2) DEFAULT '0.00',
  `freight` decimal(5,2) DEFAULT '0.00',
  `balance_deduction_total` decimal(5,2) DEFAULT '0.00',
  `is_balance_used` tinyint(1) DEFAULT '0',
  `used_balance` decimal(5,2) DEFAULT '0.00',
  PRIMARY KEY (`id`)
) ENGINE=InnoDB AUTO_INCREMENT=127 DEFAULT CHARSET=utf8;
/*!40101 SET character_set_client = @saved_cs_client */;

--
-- Dumping data for table `Order`
--

LOCK TABLES `Order` WRITE;
/*!40000 ALTER TABLE `Order` DISABLE KEYS */;
INSERT INTO `Order` VALUES (2,'201603121420462','2016-03-12 14:20:47','2016-03-12 14:20:47',0,2,NULL,0,13.8,0,0.00,NULL,0.00,13.80,'0',NULL,NULL,NULL,NULL,NULL,NULL,NULL,NULL,NULL,NULL,0,NULL,NULL,0.00,0.00,0.00,0,0.00),(5,'201603140841062','2016-05-14 08:41:07','2016-05-14 08:41:07',0,2,NULL,0,13.8,0,0.00,NULL,0.00,13.80,'0',NULL,NULL,NULL,NULL,NULL,NULL,NULL,NULL,NULL,NULL,0,NULL,NULL,0.00,0.00,0.00,0,0.00),(6,'201603140953312','2016-05-14 09:53:31','2016-05-14 09:53:31',0,2,NULL,0,13.8,0,0.00,NULL,0.00,13.80,'0',NULL,NULL,NULL,NULL,NULL,NULL,NULL,NULL,NULL,NULL,0,NULL,NULL,0.00,0.00,0.00,0,0.00),(7,'201603140955242','2016-05-14 09:55:25','2016-05-14 09:55:25',0,2,NULL,0,13.8,0,0.00,NULL,0.00,13.80,'0',NULL,NULL,NULL,NULL,26,NULL,NULL,NULL,NULL,NULL,0,NULL,NULL,0.00,0.00,0.00,0,0.00),(8,'201603250756482','2016-03-25 07:56:49','2016-03-25 07:56:49',0,2,NULL,0,13.8,0,0.00,NULL,0.00,13.80,'0',NULL,NULL,NULL,NULL,26,NULL,NULL,NULL,NULL,NULL,0,NULL,NULL,0.00,0.00,0.00,0,0.00),(14,'201604091049402','2016-04-09 10:49:40','2016-04-09 10:49:40',0,2,NULL,0,8.9,0,0.00,NULL,0.00,8.90,'0',NULL,NULL,NULL,NULL,26,NULL,NULL,NULL,NULL,NULL,0,NULL,NULL,0.00,0.00,0.00,0,0.00),(15,'201604091050132','2016-04-09 10:50:13','2016-04-09 10:50:13',0,2,NULL,0,8.9,0,0.00,NULL,0.00,8.90,'0',NULL,NULL,NULL,NULL,26,NULL,NULL,NULL,NULL,NULL,0,NULL,NULL,0.00,0.00,0.00,0,0.00),(16,'201604091056412','2016-04-09 10:56:41','2016-04-09 10:56:41',0,2,NULL,0,8.9,0,0.00,NULL,0.00,8.90,'0',NULL,NULL,NULL,NULL,26,NULL,NULL,NULL,NULL,NULL,0,NULL,NULL,0.00,0.00,0.00,0,0.00),(17,'201604091059452','2016-04-09 10:59:46','2016-04-09 10:59:46',0,2,NULL,0,8.9,0,0.00,NULL,0.00,8.90,'0',NULL,NULL,NULL,NULL,26,NULL,'nullnullnull高新区',NULL,NULL,NULL,0,NULL,NULL,0.00,0.00,0.00,0,0.00),(18,'201604091104592','2016-04-09 11:05:00','2016-04-09 11:05:00',0,2,NULL,0,8.9,0,0.00,NULL,0.00,8.90,'0',NULL,NULL,NULL,NULL,26,NULL,'nullnullnull高新区',NULL,NULL,NULL,0,NULL,NULL,0.00,0.00,0.00,0,0.00),(19,'201604091106182','2016-04-09 11:06:18','2016-04-09 11:06:18',0,2,NULL,0,8.9,0,0.00,NULL,0.00,8.90,'0',NULL,NULL,NULL,NULL,26,NULL,'nullnullnull高新区',NULL,NULL,NULL,0,NULL,NULL,0.00,0.00,0.00,0,0.00),(20,'201604091208272','2016-04-09 12:08:30','2016-04-09 12:08:30',0,2,NULL,0,8.9,0,0.00,NULL,0.00,8.90,'0',NULL,NULL,NULL,NULL,26,NULL,'nullnullnull高新区',NULL,NULL,NULL,0,NULL,NULL,0.00,0.00,0.00,0,0.00),(21,'201604091211132','2016-04-09 12:11:43','2016-04-09 12:11:43',0,2,NULL,0,8.9,0,0.00,NULL,0.00,8.90,'0',NULL,NULL,NULL,NULL,26,'大蕃薯','nullnullnull高新区','1000000323',NULL,NULL,0,NULL,NULL,0.00,0.00,0.00,0,0.00),(22,'201604091212202','2016-04-09 12:12:21','2016-04-09 12:12:21',0,2,NULL,0,8.9,0,0.00,NULL,0.00,8.90,'0',NULL,NULL,NULL,NULL,26,'大蕃薯','辽宁大连甘井子区高新区','1000000323',NULL,NULL,0,NULL,NULL,0.00,0.00,0.00,0,0.00),(24,'201605011614022','2016-05-01 16:14:02','2016-05-01 16:14:02',0,2,NULL,0,1300,0,0.00,NULL,0.00,13.00,'0',NULL,NULL,NULL,NULL,26,'大蕃薯','辽宁大连甘井子区高新区','1000000323',NULL,NULL,0,NULL,NULL,0.00,0.00,0.00,0,0.00),(25,'201605141508412','2016-05-14 15:08:41','2016-05-14 15:08:41',0,2,NULL,0,1300,0,0.00,NULL,0.00,13.00,'0',NULL,NULL,NULL,NULL,26,'大蕃薯','辽宁大连甘井子区高新区','1000000323',NULL,NULL,0,NULL,NULL,0.00,0.00,0.00,0,0.00),(26,'201605211702342','2016-05-21 17:02:34','2016-05-21 17:02:34',0,2,NULL,0,3300,0,0.00,NULL,0.00,33.00,'0',NULL,NULL,NULL,NULL,26,'大蕃薯','辽宁大连甘井子区高新区','1000000323',NULL,NULL,0,NULL,NULL,0.00,0.00,0.00,0,0.00),(27,'201605211702402','2016-05-21 17:02:41','2016-05-21 17:02:41',0,2,NULL,0,3300,0,0.00,NULL,0.00,33.00,'0',NULL,NULL,NULL,NULL,26,'大蕃薯','辽宁大连甘井子区高新区','1000000323',NULL,NULL,0,NULL,NULL,0.00,0.00,0.00,0,0.00),(28,'201605211703122','2016-05-21 17:03:12','2016-05-21 17:03:12',0,2,NULL,0,3300,0,0.00,NULL,0.00,33.00,'0',NULL,NULL,NULL,NULL,26,'大蕃薯','辽宁大连甘井子区高新区','1000000323',NULL,NULL,0,NULL,NULL,0.00,0.00,0.00,0,0.00),(29,'201605241008382','2016-05-24 10:08:39','2016-05-24 10:08:39',0,2,NULL,0,4100,0,0.00,NULL,0.00,41.00,'0',NULL,NULL,NULL,NULL,26,'大蕃薯','辽宁大连甘井子区高新区','1000000323',NULL,NULL,0,NULL,NULL,0.00,0.00,0.00,0,0.00),(30,'201605281557172','2016-05-28 15:57:17','2016-05-28 15:57:17',0,2,NULL,0,4100,0,0.00,NULL,0.00,41.00,'0',NULL,NULL,NULL,NULL,26,'大蕃薯','辽宁大连甘井子区高新区','1000000323',NULL,NULL,0,NULL,NULL,0.00,0.00,0.00,0,0.00),(31,'201612190857202','2016-12-19 08:57:27','2016-12-19 08:57:27',0,2,NULL,0,12640,0,0.00,NULL,126.40,126.40,'0',NULL,NULL,'1','在线支付',26,'大蕃薯','辽宁大连甘井子区高新区','1000000323',NULL,NULL,0,NULL,NULL,0.00,0.00,0.00,0,0.00),(35,'201612190916232','2016-12-19 09:16:23','2016-12-19 09:16:23',0,2,NULL,0,12640,0,0.00,NULL,126.40,126.40,'0',NULL,NULL,'1','在线支付',26,'大蕃薯','辽宁大连甘井子区高新区','1000000323',NULL,NULL,0,NULL,NULL,0.00,0.00,0.00,0,0.00),(37,'201612201055492','2016-12-20 10:55:55','2016-12-20 10:55:55',0,2,NULL,0,15400,0,0.00,NULL,154.00,154.00,'0',NULL,NULL,'1','在线支付',26,'大蕃薯','辽宁大连甘井子区高新区','1000000323',NULL,NULL,0,NULL,NULL,0.00,0.00,0.00,0,0.00),(38,'201612201056122','2016-12-20 10:56:12','2016-12-20 10:56:12',0,2,NULL,0,15400,0,0.00,NULL,154.00,154.00,'0',NULL,NULL,'1','在线支付',26,'大蕃薯','辽宁大连甘井子区高新区','1000000323',NULL,NULL,0,NULL,NULL,0.00,0.00,0.00,0,0.00),(39,'201612201056272','2016-12-20 10:56:27','2016-12-20 10:56:27',0,2,NULL,0,15400,0,0.00,NULL,154.00,154.00,'0',NULL,NULL,'1','在线支付',26,'大蕃薯','辽宁大连甘井子区高新区','1000000323',NULL,NULL,0,NULL,NULL,0.00,0.00,0.00,0,0.00),(40,'201612201057522','2016-12-20 10:57:56','2016-12-20 10:57:56',0,2,NULL,0,15400,0,0.00,NULL,154.00,154.00,'0',NULL,NULL,'1','在线支付',26,'大蕃薯','辽宁大连甘井子区高新区','1000000323',NULL,NULL,0,NULL,NULL,0.00,0.00,0.00,0,0.00),(41,'201612201058052','2016-12-20 10:58:06','2016-12-20 10:58:06',0,2,NULL,0,15400,0,0.00,NULL,154.00,154.00,'0',NULL,NULL,'1','在线支付',26,'大蕃薯','辽宁大连甘井子区高新区','1000000323',NULL,NULL,0,NULL,NULL,0.00,0.00,0.00,0,0.00),(42,'201612201058072','2016-12-20 10:58:07','2016-12-20 10:58:07',0,2,NULL,0,15400,0,0.00,NULL,154.00,154.00,'0',NULL,NULL,'1','在线支付',26,'大蕃薯','辽宁大连甘井子区高新区','1000000323',NULL,NULL,0,NULL,NULL,0.00,0.00,0.00,0,0.00),(43,'201612201058452','2016-12-20 10:58:46','2016-12-20 10:58:46',0,2,NULL,0,15400,0,0.00,NULL,154.00,154.00,'0',NULL,NULL,'1','在线支付',26,'大蕃薯','辽宁大连甘井子区高新区','1000000323',NULL,NULL,0,NULL,NULL,0.00,0.00,0.00,0,0.00),(44,'201612201108172','2016-12-20 11:08:18','2016-12-20 11:08:18',0,2,NULL,0,15400,0,0.00,NULL,154.00,154.00,'0',NULL,NULL,'1','在线支付',26,'大蕃薯','辽宁大连甘井子区高新区','1000000323',NULL,NULL,0,NULL,NULL,0.00,0.00,0.00,0,0.00),(45,'201612201109302','2016-12-20 11:09:31','2016-12-20 11:09:31',0,2,NULL,0,15400,0,0.00,NULL,154.00,154.00,'0',NULL,NULL,'1','在线支付',26,'大蕃薯','辽宁大连甘井子区高新区','1000000323',NULL,NULL,0,NULL,NULL,0.00,0.00,0.00,0,0.00),(46,'201612201110022','2016-12-20 11:10:02','2016-12-20 11:10:02',0,2,NULL,0,15400,0,0.00,NULL,154.00,154.00,'0',NULL,NULL,'1','在线支付',26,'大蕃薯','辽宁大连甘井子区高新区','1000000323',NULL,NULL,0,NULL,NULL,0.00,0.00,0.00,0,0.00),(47,'201612201154542','2016-12-20 11:54:54','2016-12-20 11:54:54',0,2,NULL,0,15400,0,0.00,NULL,154.00,154.00,'0',NULL,NULL,'1','在线支付',26,'大蕃薯','辽宁大连甘井子区高新区','1000000323',NULL,NULL,0,NULL,NULL,0.00,0.00,0.00,0,0.00),(48,'201612210857482','2016-12-21 08:57:48','2016-12-21 08:57:48',0,2,NULL,0,15400,0,0.00,NULL,154.00,154.00,'0',NULL,NULL,'1','在线支付',26,'大蕃薯','辽宁大连甘井子区高新区','1000000323',NULL,NULL,0,NULL,NULL,0.00,0.00,0.00,0,0.00),(49,'201612260953592','2016-12-26 09:53:59','2016-12-26 09:53:59',0,2,NULL,0,15400,0,0.00,NULL,154.00,154.00,'0',NULL,NULL,'1','在线支付',26,'大蕃薯','辽宁大连甘井子区高新区','1000000323',NULL,NULL,0,NULL,NULL,0.00,0.00,0.00,0,0.00),(52,'2018032020154823','2018-03-20 20:15:50','2018-03-20 20:15:50',0,23,NULL,0,0,0,0.00,NULL,0.00,154.00,'UNPAID',NULL,NULL,'alipay','支付宝',22,'李崇','高新园区xxxx',NULL,NULL,NULL,0,NULL,NULL,0.00,5.00,0.00,0,0.00),(53,'2018032020190723','2018-03-20 20:19:08','2018-03-20 20:19:08',0,23,NULL,0,0,0,0.00,NULL,0.00,154.00,'UNPAID',NULL,NULL,'alipay','支付宝',22,'李崇','高新园区xxxx',NULL,NULL,NULL,0,NULL,NULL,0.00,5.00,0.00,0,0.00),(55,'2018032020260323','2018-03-20 20:26:04','2018-03-20 20:26:04',0,23,NULL,0,0,0,0.00,NULL,0.00,154.00,'UNPAID',NULL,NULL,'alipay','支付宝',22,'李崇','高新园区xxxx',NULL,NULL,NULL,0,NULL,NULL,0.00,5.00,0.00,0,0.00),(56,'2018032020292623','2018-03-20 20:29:26','2018-03-20 20:29:26',0,23,NULL,0,0,0,0.00,NULL,0.00,154.00,'UNPAID',NULL,NULL,'alipay','支付宝',22,'李崇','高新园区xxxx',NULL,NULL,NULL,0,NULL,NULL,0.00,5.00,0.00,0,0.00),(57,'2018032120190123','2018-03-21 20:19:02','2018-03-21 20:19:02',0,23,NULL,0,0,0,0.00,NULL,154.00,154.00,'UNPAID',NULL,NULL,'alipay','支付宝',22,'李崇','高新园区xxxx',NULL,NULL,NULL,0,NULL,NULL,0.00,5.00,0.00,0,0.00),(64,'2018040818034623','2018-04-08 18:03:46','2018-04-08 18:03:46',0,23,NULL,0,0,0,0.00,NULL,29.20,0.00,'UNPAID',NULL,NULL,'alipay','支付宝',22,'李崇','高新园区xxxx',NULL,NULL,NULL,0,NULL,NULL,0.00,0.00,0.00,0,0.00),(65,'2018040920082823','2018-04-09 20:08:29','2018-04-09 20:08:29',0,23,NULL,0,0,0,0.00,NULL,29.20,0.00,'UNPAID',NULL,NULL,'alipay','支付宝',22,'李崇','高新园区xxxx',NULL,NULL,NULL,0,NULL,NULL,0.00,0.00,0.00,0,0.00),(66,'2018040920104023','2018-04-09 20:10:41','2018-04-09 20:10:41',0,23,NULL,0,0,0,0.00,NULL,29.20,0.00,'UNPAID',NULL,NULL,'alipay','支付宝',22,'李崇','高新园区xxxx',NULL,NULL,NULL,0,NULL,NULL,0.00,0.00,0.00,0,0.00),(67,'2018040920131223','2018-04-09 20:13:13','2018-04-09 20:13:13',0,23,NULL,0,0,0,0.00,NULL,29.20,26.20,'UNPAID',NULL,NULL,'alipay','支付宝',22,'李崇','高新园区xxxx',NULL,NULL,NULL,0,NULL,NULL,0.00,0.00,0.00,0,0.00),(68,'2018040921164123','2018-04-09 21:16:46','2018-04-09 21:16:46',0,23,NULL,0,0,0,0.00,NULL,29.20,26.20,'UNPAID',NULL,NULL,'alipay','支付宝',22,'李崇','高新园区xxxx',NULL,NULL,NULL,0,NULL,NULL,0.00,0.00,0.00,0,0.00),(69,'2018040921501223','2018-04-09 21:50:12','2018-04-09 21:50:12',0,23,NULL,0,0,0,0.00,NULL,29.20,26.20,'UNPAID',NULL,NULL,'alipay','支付宝',22,'李崇','高新园区xxxx',NULL,NULL,NULL,0,NULL,NULL,0.00,0.00,0.00,0,0.00),(74,'2018041019365323','2018-04-10 19:36:53','2018-04-10 19:36:53',0,23,NULL,0,0,0,0.00,NULL,29.20,26.20,'UNPAID',NULL,NULL,'alipay','支付宝',22,'李崇','高新园区xxxx',NULL,NULL,NULL,0,NULL,NULL,0.00,0.00,0.00,0,0.00),(75,'2018041020205923','2018-04-10 20:20:59','2018-04-10 20:20:59',0,23,NULL,0,0,0,0.00,NULL,29.20,26.20,'UNPAID',NULL,NULL,'alipay','支付宝',22,'李崇','高新园区xxxx',NULL,NULL,NULL,0,NULL,NULL,0.00,0.00,0.00,0,0.00),(76,'2018041021373223','2018-04-10 21:37:32','2018-04-10 21:37:32',0,23,NULL,0,0,0,0.00,8,29.20,26.20,'UNPAID',NULL,NULL,'alipay','支付宝',22,'李崇','高新园区xxxx',NULL,NULL,NULL,0,NULL,NULL,0.00,0.00,0.00,0,0.00),(77,'2018041021383923','2018-04-10 21:38:40','2018-04-10 21:38:40',0,23,NULL,0,0,0,0.00,8,29.20,26.20,'UNPAID',NULL,NULL,'alipay','支付宝',22,'李崇','高新园区xxxx',NULL,NULL,NULL,0,NULL,NULL,0.00,0.00,0.00,0,0.00),(78,'2018041021403723','2018-04-10 21:40:38','2018-04-10 21:40:38',0,23,NULL,0,0,0,0.00,8,29.20,26.20,'UNPAID',NULL,NULL,'alipay','支付宝',22,'李崇','高新园区xxxx',NULL,NULL,NULL,0,NULL,NULL,0.00,0.00,0.00,0,0.00),(79,'2018041120442723','2018-04-11 20:44:27','2018-04-11 20:44:27',0,23,NULL,0,0,0,0.00,12,61.20,53.20,'UNPAID',NULL,NULL,'alipay','支付宝',22,'李崇','高新园区xxxx',NULL,NULL,NULL,0,NULL,NULL,0.00,0.00,0.00,0,0.00),(85,'2018041120542623','2018-04-11 20:54:28','2018-04-11 20:54:28',0,23,NULL,0,0,0,0.00,12,61.20,53.20,'UNPAID',NULL,NULL,'alipay','支付宝',22,'李崇','高新园区xxxx',NULL,NULL,NULL,0,NULL,NULL,0.00,0.00,0.00,0,0.00),(86,'2018041120551523','2018-04-11 20:55:17','2018-04-11 20:55:17',0,23,NULL,0,0,0,0.00,12,61.20,53.20,'UNPAID',NULL,NULL,'alipay','支付宝',22,'李崇','高新园区xxxx',NULL,NULL,NULL,0,NULL,NULL,0.00,0.00,0.00,0,0.00),(87,'2018041120571623','2018-04-11 20:57:16','2018-04-11 20:57:16',0,23,NULL,0,0,0,0.00,12,61.20,53.20,'UNPAID',NULL,NULL,'alipay','支付宝',22,'李崇','高新园区xxxx',NULL,NULL,NULL,0,NULL,NULL,0.00,0.00,0.00,0,0.00),(88,'2018041120593223','2018-04-11 20:59:33','2018-04-11 20:59:33',0,23,NULL,0,0,0,0.00,12,61.20,53.20,'UNPAID',NULL,NULL,'alipay','支付宝',22,'李崇','高新园区xxxx',NULL,NULL,NULL,0,NULL,NULL,0.00,0.00,0.00,0,0.00),(89,'2018041121020123','2018-04-11 21:02:01','2018-04-11 21:02:01',0,23,NULL,0,0,0,0.00,12,61.20,53.20,'UNPAID',NULL,NULL,'alipay','支付宝',22,'李崇','高新园区xxxx',NULL,NULL,NULL,0,NULL,NULL,0.00,0.00,0.00,0,0.00),(90,'2018041121031223','2018-04-11 21:03:13','2018-04-11 21:03:13',0,23,NULL,0,0,0,0.00,12,61.20,53.20,'UNPAID',NULL,NULL,'alipay','支付宝',22,'李崇','高新园区xxxx',NULL,NULL,NULL,0,NULL,NULL,0.00,0.00,0.00,0,0.00),(91,'2018041121074023','2018-04-11 21:07:40','2018-04-11 21:07:40',0,23,NULL,0,0,0,0.00,12,61.20,53.20,'UNPAID',NULL,NULL,'alipay','支付宝',22,'李崇','高新园区xxxx',NULL,NULL,NULL,0,NULL,NULL,0.00,0.00,0.00,0,0.00),(92,'2018041121355723','2018-04-11 21:35:57','2018-04-11 21:35:57',0,23,NULL,0,0,0,0.00,12,61.20,53.20,'UNPAID',NULL,NULL,'alipay','支付宝',22,'李崇','高新园区xxxx',NULL,NULL,NULL,0,NULL,NULL,0.00,0.00,0.00,0,0.00),(93,'2018041121392623','2018-04-11 21:39:26','2018-04-11 21:39:26',0,23,NULL,0,0,0,0.00,12,61.20,53.20,'UNPAID',NULL,NULL,'alipay','支付宝',22,'李崇','高新园区xxxx',NULL,NULL,NULL,0,NULL,NULL,0.00,0.00,0.00,0,0.00),(99,'2018041121471123','2018-04-11 21:47:11','2018-04-11 21:47:11',0,23,NULL,0,0,0,0.00,12,61.20,53.20,'UNPAID',NULL,NULL,'alipay','支付宝',22,'李崇','高新园区xxxx',NULL,NULL,NULL,0,NULL,NULL,0.00,0.00,0.00,0,0.00),(100,'2018041121481223','2018-04-11 21:48:12','2018-04-11 21:48:12',0,23,NULL,0,0,0,0.00,12,61.20,53.20,'UNPAID',NULL,NULL,'alipay','支付宝',22,'李崇','高新园区xxxx',NULL,NULL,NULL,0,NULL,NULL,0.00,0.00,0.00,0,0.00),(101,'2018041121500423','2018-04-11 21:50:05','2018-04-11 21:50:05',0,23,NULL,0,0,0,0.00,12,61.20,53.20,'UNPAID',NULL,NULL,'alipay','支付宝',22,'李崇','高新园区xxxx',NULL,NULL,NULL,0,NULL,NULL,0.00,0.00,0.00,0,0.00),(102,'2018041121590823','2018-04-11 21:59:08','2018-04-11 21:59:08',0,23,NULL,0,0,0,0.00,12,61.20,53.20,'UNPAID',NULL,NULL,'alipay','支付宝',22,'李崇','高新园区xxxx',NULL,NULL,NULL,0,NULL,NULL,0.00,0.00,0.00,0,0.00),(103,'2018041122020723','2018-04-11 22:02:07','2018-04-11 22:02:07',0,23,NULL,0,0,0,0.00,12,61.20,53.20,'PAID',NULL,NULL,'alipay','支付宝',22,'李崇','高新园区xxxx',NULL,NULL,NULL,0,NULL,NULL,0.00,0.00,0.00,0,0.00),(104,'2018041722151123','2018-04-17 22:15:11','2018-04-17 22:15:11',0,23,NULL,0,0,0,0.00,11,41.60,33.60,'UNPAID',NULL,NULL,'alipay','支付宝',22,'李崇','高新园区xxxx',NULL,NULL,NULL,0,NULL,NULL,0.00,0.00,0.00,0,0.00),(105,'2018041722221023','2018-04-17 22:22:11','2018-04-17 22:22:11',0,23,NULL,0,0,0,0.00,11,41.60,33.60,'UNPAID',NULL,NULL,'alipay','支付宝',22,'李崇','高新园区xxxx',NULL,NULL,NULL,0,NULL,NULL,0.00,0.00,0.00,0,0.00),(106,'2018041722295523','2018-04-17 22:29:56','2018-04-17 22:29:56',0,23,NULL,0,0,0,0.00,11,41.60,33.60,'UNPAID',NULL,NULL,'alipay','支付宝',22,'李崇','高新园区xxxx',NULL,NULL,NULL,0,NULL,NULL,0.00,0.00,0.00,0,0.00),(107,'2018041722323723','2018-04-17 22:32:38','2018-04-17 22:32:38',0,23,NULL,0,0,0,0.00,11,41.60,33.60,'UNPAID',NULL,NULL,'alipay','支付宝',22,'李崇','高新园区xxxx',NULL,NULL,NULL,0,NULL,NULL,0.00,0.00,0.00,0,0.00),(108,'2018041722335923','2018-04-17 22:33:59','2018-04-17 22:33:59',0,23,NULL,0,0,0,0.00,11,41.60,33.60,'UNPAID',NULL,NULL,'alipay','支付宝',22,'李崇','高新园区xxxx',NULL,NULL,NULL,0,NULL,NULL,0.00,0.00,0.00,0,0.00),(109,'2018041722372623','2018-04-17 22:37:27','2018-04-17 22:37:27',0,23,NULL,0,0,0,0.00,11,41.60,33.60,'PAID',NULL,NULL,'alipay','支付宝',26,'大蕃薯','高新区',NULL,NULL,NULL,0,NULL,NULL,0.00,0.00,0.00,0,0.00),(110,'2018041807385623','2018-04-18 07:38:56','2018-04-18 07:38:56',0,23,NULL,0,0,0,0.00,11,41.60,33.60,'PAID',NULL,NULL,'alipay','支付宝',22,'李崇','高新园区xxxx',NULL,NULL,NULL,0,NULL,NULL,0.00,0.00,0.00,0,0.00),(114,'2018042522053323','2018-04-25 22:05:34','2018-04-25 22:05:34',0,23,NULL,0,0,0,0.00,21,121.60,113.60,'UNPAID',NULL,NULL,'alipay','支付宝',22,'李崇','高新园区xxxx',NULL,NULL,NULL,0,NULL,NULL,0.00,0.00,0.00,0,0.00),(115,'2018042522062423','2018-04-25 22:06:24','2018-04-25 22:06:24',0,23,NULL,0,0,0,0.00,21,121.60,113.60,'UNPAID',NULL,NULL,'alipay','支付宝',22,'李崇','高新园区xxxx',NULL,NULL,NULL,0,NULL,NULL,0.00,0.00,0.00,0,0.00),(116,'2018042620143323','2018-04-26 20:14:33','2018-04-26 20:14:33',0,23,NULL,0,0,0,0.00,21,121.60,113.60,'UNPAID',NULL,NULL,'alipay','支付宝',22,'李崇','高新园区xxxx',NULL,NULL,NULL,0,NULL,NULL,0.00,0.00,0.00,0,0.00),(117,'2018042807301823','2018-04-28 07:30:19','2018-04-28 07:30:19',0,23,NULL,0,0,0,0.00,10,33.60,30.60,'UNPAID',NULL,NULL,'alipay','支付宝',26,'大蕃薯','高新区',NULL,NULL,NULL,0,NULL,NULL,0.00,0.00,0.00,0,0.00),(118,'2018042807305923','2018-04-28 07:30:59','2018-04-28 07:30:59',0,23,NULL,0,0,0,0.00,10,33.60,30.60,'UNPAID',NULL,NULL,'alipay','支付宝',22,'李崇','高新园区xxxx',NULL,NULL,NULL,0,NULL,NULL,0.00,0.00,0.00,0,0.00),(119,'2018042807331123','2018-04-28 07:33:12','2018-04-28 07:33:12',0,23,NULL,0,0,0,0.00,10,33.60,30.60,'UNPAID',NULL,NULL,'alipay','支付宝',22,'李崇','高新园区xxxx',NULL,NULL,NULL,0,NULL,NULL,0.00,0.00,0.00,0,0.00),(120,'2018042807334323','2018-04-28 07:33:44','2018-04-28 07:33:44',0,23,NULL,0,0,0,0.00,10,33.60,30.60,'UNPAID',NULL,NULL,'alipay','支付宝',22,'李崇','高新园区xxxx',NULL,NULL,NULL,0,NULL,NULL,0.00,0.00,0.00,0,0.00),(121,'2018042807354423','2018-04-28 07:35:45','2018-04-28 07:35:45',0,23,NULL,0,0,0,0.00,10,33.60,30.60,'UNPAID',NULL,NULL,'alipay','支付宝',22,'李崇','高新园区xxxx',NULL,NULL,NULL,0,NULL,NULL,0.00,0.00,0.00,0,0.00),(122,'2018050620420823','2018-05-06 20:42:08','2018-05-06 20:42:08',0,23,NULL,0,0,0,0.00,10,33.60,30.60,'UNPAID',NULL,NULL,'alipay','支付宝',22,'李崇','高新园区xxxx',NULL,NULL,NULL,0,NULL,NULL,0.00,0.00,0.00,0,0.00),(123,'2018051318591326','2018-05-13 18:59:14','2018-05-13 18:59:14',0,26,NULL,0,0,0,0.00,1,10.20,10.20,'UNPAID',NULL,NULL,'alipay','支付宝',28,'大蕃薯',NULL,NULL,NULL,NULL,0,NULL,NULL,0.00,0.00,0.00,0,0.00),(124,'2018051319051226','2018-05-13 19:05:13','2018-05-13 19:05:13',0,26,NULL,0,0,0,0.00,1,10.20,10.20,'UNPAID',NULL,NULL,'alipay','支付宝',30,'大蕃薯','高新园区红凌路大华锦绣华城2号楼2102',NULL,NULL,NULL,0,NULL,NULL,0.00,0.00,0.00,0,0.00),(125,'2018051319271826','2018-05-13 19:27:19','2018-05-13 19:27:19',0,26,NULL,0,0,0,0.00,4,34.20,26.20,'UNPAID',NULL,NULL,'alipay','支付宝',30,'大蕃薯','高新园区红凌路大华锦绣华城2号楼2102',NULL,NULL,NULL,0,NULL,NULL,0.00,0.00,0.00,0,0.00),(126,'2018051321282227','2018-05-13 21:28:22','2018-05-13 21:28:22',0,27,NULL,0,0,0,0.00,5,69.50,61.50,'UNPAID',NULL,NULL,'alipay','支付宝',31,'大蕃薯','啦啦啦啦啦',NULL,NULL,NULL,0,NULL,NULL,0.00,0.00,0.00,0,0.00);
/*!40000 ALTER TABLE `Order` ENABLE KEYS */;
UNLOCK TABLES;

--
-- Table structure for table `OrderItem`
--

DROP TABLE IF EXISTS `OrderItem`;
/*!40101 SET @saved_cs_client     = @@character_set_client */;
/*!40101 SET character_set_client = utf8 */;
CREATE TABLE `OrderItem` (
  `id` int(11) NOT NULL AUTO_INCREMENT,
  `create_date` datetime DEFAULT NULL,
  `update_date` datetime DEFAULT CURRENT_TIMESTAMP,
  `deleted` tinyint(1) DEFAULT '0',
  `order_id` int(11) DEFAULT NULL,
  `prod_id` int(11) DEFAULT NULL,
  `user_id` int(11) DEFAULT NULL,
  `deal_price` decimal(7,2) DEFAULT NULL,
  `deal_subtotal` decimal(7,2) DEFAULT NULL,
  `quantity` smallint(1) DEFAULT NULL,
  `gained_point` float DEFAULT '0',
  `comment_status` tinyint(1) DEFAULT '0',
  PRIMARY KEY (`id`)
) ENGINE=InnoDB AUTO_INCREMENT=219 DEFAULT CHARSET=utf8;
/*!40101 SET character_set_client = @saved_cs_client */;

--
-- Dumping data for table `OrderItem`
--

LOCK TABLES `OrderItem` WRITE;
/*!40000 ALTER TABLE `OrderItem` DISABLE KEYS */;
INSERT INTO `OrderItem` VALUES (1,'2016-03-24 08:01:10','2016-03-24 08:01:10',0,2,28,2,39.00,NULL,1,0,1),(2,'2016-03-24 08:01:10','2016-03-24 08:01:10',0,2,28,2,39.00,NULL,1,0,1),(3,'2016-03-24 08:01:10','2016-03-24 08:01:10',0,2,131,2,39.00,NULL,1,0,1),(4,'2016-03-24 08:01:10','2016-03-24 08:01:10',0,5,27,2,39.00,NULL,1,0,1),(5,'2016-03-24 08:01:10','2016-03-24 08:01:10',0,6,27,2,39.00,NULL,1,0,1),(6,'2016-03-23 08:01:10','2016-03-24 08:01:10',0,7,27,2,39.00,NULL,1,0,1),(7,NULL,'2016-03-25 07:56:48',0,8,28,NULL,NULL,NULL,1,0,0),(8,NULL,'2016-04-09 10:49:40',0,14,10,NULL,NULL,NULL,1,0,0),(9,NULL,'2016-04-09 10:50:13',0,15,10,NULL,NULL,NULL,1,0,0),(10,NULL,'2016-04-09 10:56:45',0,16,10,NULL,NULL,NULL,1,0,0),(11,NULL,'2016-04-09 10:59:45',0,17,10,NULL,NULL,NULL,1,0,0),(12,NULL,'2016-04-09 11:04:59',0,18,10,NULL,NULL,NULL,1,0,0),(13,NULL,'2016-04-09 11:06:18',0,19,10,NULL,NULL,NULL,1,0,0),(14,NULL,'2016-04-09 12:08:30',0,20,10,NULL,NULL,NULL,1,0,0),(15,NULL,'2016-04-09 12:11:43',0,21,10,NULL,NULL,NULL,1,0,0),(16,NULL,'2016-04-09 12:12:21',0,22,10,NULL,NULL,NULL,1,0,0),(17,'2016-05-01 16:14:02','2016-05-01 16:14:02',0,24,1,NULL,NULL,13.00,2,0,0),(18,'2016-05-14 15:08:41','2016-05-14 15:08:41',0,25,1,NULL,NULL,13.00,2,0,0),(19,'2016-05-21 17:02:34','2016-05-21 17:02:34',0,26,1,NULL,8.00,13.00,2,0,0),(20,'2016-05-21 17:02:34','2016-05-21 17:02:34',0,26,5,NULL,5.00,20.00,4,0,0),(21,'2016-05-21 17:02:41','2016-05-21 17:02:41',0,27,1,NULL,8.00,13.00,2,0,0),(22,'2016-05-21 17:02:41','2016-05-21 17:02:41',0,27,5,NULL,5.00,20.00,4,0,0),(23,'2016-05-21 17:03:12','2016-05-21 17:03:12',0,28,1,NULL,8.00,13.00,2,0,0),(24,'2016-05-21 17:03:12','2016-05-21 17:03:12',0,28,5,NULL,5.00,20.00,4,0,0),(25,'2016-05-24 10:08:39','2016-05-24 10:08:39',0,29,1,NULL,8.00,16.00,3,0,0),(26,'2016-05-24 10:08:39','2016-05-24 10:08:39',0,29,5,NULL,5.00,25.00,5,0,0),(27,'2016-05-28 15:57:17','2016-05-28 15:57:17',0,30,1,NULL,8.00,16.00,3,0,0),(28,'2016-05-28 15:57:17','2016-05-28 15:57:17',0,30,5,NULL,5.00,25.00,5,0,0),(29,'2016-12-19 08:57:51','2016-12-19 08:57:51',0,31,28,NULL,13.80,110.40,8,0,0),(30,'2016-12-19 08:57:51','2016-12-19 08:57:51',0,31,1,NULL,8.00,16.00,3,0,0),(37,'2016-12-19 09:16:23','2016-12-19 09:16:23',0,35,28,NULL,13.80,110.40,8,0,0),(38,'2016-12-19 09:16:23','2016-12-19 09:16:23',0,35,1,NULL,8.00,16.00,3,0,0),(41,'2016-12-20 10:55:58','2016-12-20 10:55:58',0,37,28,2,13.80,138.00,10,0,0),(42,'2016-12-20 10:55:58','2016-12-20 10:55:58',0,37,1,2,8.00,16.00,3,0,0),(43,'2016-12-20 10:56:12','2016-12-20 10:56:12',0,38,28,2,13.80,138.00,10,0,0),(44,'2016-12-20 10:56:12','2016-12-20 10:56:12',0,38,1,2,8.00,16.00,3,0,0),(45,'2016-12-20 10:56:27','2016-12-20 10:56:27',0,39,28,2,13.80,138.00,10,0,0),(46,'2016-12-20 10:56:27','2016-12-20 10:56:27',0,39,1,2,8.00,16.00,3,0,0),(47,'2016-12-20 10:57:57','2016-12-20 10:57:57',0,40,28,2,13.80,138.00,10,0,0),(48,'2016-12-20 10:57:57','2016-12-20 10:57:57',0,40,1,2,8.00,16.00,3,0,0),(49,'2016-12-20 10:58:06','2016-12-20 10:58:06',0,41,28,2,13.80,138.00,10,0,0),(50,'2016-12-20 10:58:06','2016-12-20 10:58:06',0,41,1,2,8.00,16.00,3,0,0),(51,'2016-12-20 10:58:07','2016-12-20 10:58:07',0,42,28,2,13.80,138.00,10,0,0),(52,'2016-12-20 10:58:07','2016-12-20 10:58:07',0,42,1,2,8.00,16.00,3,0,0),(53,'2016-12-20 10:58:46','2016-12-20 10:58:46',0,43,28,2,13.80,138.00,10,0,0),(54,'2016-12-20 10:58:46','2016-12-20 10:58:46',0,43,1,2,8.00,16.00,3,0,0),(55,'2016-12-20 11:08:18','2016-12-20 11:08:18',0,44,28,2,13.80,138.00,10,0,0),(56,'2016-12-20 11:08:18','2016-12-20 11:08:18',0,44,1,2,8.00,16.00,3,0,0),(57,'2016-12-20 11:09:31','2016-12-20 11:09:31',0,45,28,2,13.80,138.00,10,0,0),(58,'2016-12-20 11:09:31','2016-12-20 11:09:31',0,45,1,2,8.00,16.00,3,0,0),(59,'2016-12-20 11:10:02','2016-12-20 11:10:02',0,46,28,2,13.80,138.00,10,0,0),(60,'2016-12-20 11:10:02','2016-12-20 11:10:02',0,46,1,2,8.00,16.00,3,0,0),(61,'2016-12-20 11:54:54','2016-12-20 11:54:54',0,47,28,2,13.80,138.00,10,0,0),(62,'2016-12-20 11:54:54','2016-12-20 11:54:54',0,47,1,2,8.00,16.00,3,0,0),(63,'2016-12-21 08:57:48','2016-12-21 08:57:48',0,48,28,2,13.80,138.00,10,0,0),(64,'2016-12-21 08:57:48','2016-12-21 08:57:48',0,48,1,2,8.00,16.00,3,0,0),(65,'2016-12-26 09:53:59','2016-12-26 09:53:59',0,49,28,2,13.80,138.00,10,0,0),(66,'2016-12-26 09:53:59','2016-12-26 09:53:59',0,49,1,2,8.00,16.00,3,0,0),(73,'2018-03-20 20:15:50','2018-03-20 20:15:50',0,52,237,NULL,100.00,200.00,8,0,0),(74,'2018-03-20 20:15:50','2018-03-20 20:15:50',0,52,2,NULL,100.00,200.00,1,0,0),(75,'2018-03-20 20:15:50','2018-03-20 20:15:50',0,52,1,NULL,100.00,200.00,2,0,0),(76,'2018-03-20 20:19:08','2018-03-20 20:19:08',0,53,237,NULL,100.00,200.00,8,0,0),(77,'2018-03-20 20:19:08','2018-03-20 20:19:08',0,53,2,NULL,100.00,200.00,1,0,0),(78,'2018-03-20 20:19:08','2018-03-20 20:19:08',0,53,1,NULL,100.00,200.00,2,0,0),(82,'2018-03-20 20:26:04','2018-03-20 20:26:04',0,55,237,NULL,100.00,200.00,8,0,0),(83,'2018-03-20 20:26:04','2018-03-20 20:26:04',0,55,2,NULL,100.00,200.00,1,0,0),(84,'2018-03-20 20:26:04','2018-03-20 20:26:04',0,55,1,NULL,100.00,200.00,2,0,0),(85,'2018-03-20 20:29:26','2018-03-20 20:29:26',0,56,237,NULL,100.00,200.00,8,0,0),(86,'2018-03-20 20:29:26','2018-03-20 20:29:26',0,56,2,NULL,100.00,200.00,1,0,0),(87,'2018-03-20 20:29:26','2018-03-20 20:29:26',0,56,1,NULL,100.00,200.00,2,0,0),(88,'2018-03-21 20:19:02','2018-03-21 20:19:02',0,57,237,23,100.00,200.00,8,0,0),(89,'2018-03-21 20:19:02','2018-03-21 20:19:02',0,57,2,23,100.00,200.00,1,0,0),(90,'2018-03-21 20:19:02','2018-03-21 20:19:02',0,57,1,23,100.00,200.00,2,0,0),(95,'2018-04-08 18:04:13','2018-04-08 18:04:13',0,64,2,23,2.20,13.20,6,0,0),(96,'2018-04-08 18:04:13','2018-04-08 18:04:13',0,64,1,23,8.00,13.00,2,0,0),(97,'2018-04-09 20:08:31','2018-04-09 20:08:31',0,65,2,23,2.20,13.20,6,0,0),(98,'2018-04-09 20:08:31','2018-04-09 20:08:31',0,65,1,23,8.00,13.00,2,0,0),(99,'2018-04-09 20:10:43','2018-04-09 20:10:43',0,66,2,23,2.20,13.20,6,0,0),(100,'2018-04-09 20:10:43','2018-04-09 20:10:43',0,66,1,23,8.00,13.00,2,0,0),(101,'2018-04-09 20:13:13','2018-04-09 20:13:13',0,67,2,23,2.20,13.20,6,0,0),(102,'2018-04-09 20:13:13','2018-04-09 20:13:13',0,67,1,23,8.00,13.00,2,0,0),(103,'2018-04-09 21:16:46','2018-04-09 21:16:46',0,68,2,23,2.20,13.20,6,0,0),(104,'2018-04-09 21:16:46','2018-04-09 21:16:46',0,68,1,23,8.00,13.00,2,0,0),(105,'2018-04-09 21:50:12','2018-04-09 21:50:12',0,69,2,23,2.20,13.20,6,0,0),(106,'2018-04-09 21:50:12','2018-04-09 21:50:12',0,69,1,23,8.00,13.00,2,0,0),(115,'2018-04-10 19:36:53','2018-04-10 19:36:53',0,74,2,23,2.20,13.20,6,0,0),(116,'2018-04-10 19:36:53','2018-04-10 19:36:53',0,74,1,23,8.00,13.00,2,0,0),(117,'2018-04-10 20:20:59','2018-04-10 20:20:59',0,75,2,23,2.20,13.20,6,0,0),(118,'2018-04-10 20:20:59','2018-04-10 20:20:59',0,75,1,23,8.00,13.00,2,0,0),(119,'2018-04-10 21:37:32','2018-04-10 21:37:32',0,76,2,23,2.20,13.20,6,0,0),(120,'2018-04-10 21:37:32','2018-04-10 21:37:32',0,76,1,23,8.00,13.00,2,0,0),(121,'2018-04-10 21:38:40','2018-04-10 21:38:40',0,77,2,23,2.20,13.20,6,0,0),(122,'2018-04-10 21:38:40','2018-04-10 21:38:40',0,77,1,23,8.00,13.00,2,0,0),(123,'2018-04-10 21:40:38','2018-04-10 21:40:38',0,78,2,23,2.20,13.20,6,0,0),(124,'2018-04-10 21:40:38','2018-04-10 21:40:38',0,78,1,23,8.00,13.00,2,0,0),(125,'2018-04-11 20:44:27','2018-04-11 20:44:27',0,79,2,23,2.20,13.20,6,0,0),(126,'2018-04-11 20:44:27','2018-04-11 20:44:27',0,79,1,23,8.00,40.00,6,0,0),(137,'2018-04-11 20:54:28','2018-04-11 20:54:28',0,85,2,23,2.20,13.20,6,0,0),(138,'2018-04-11 20:54:28','2018-04-11 20:54:28',0,85,1,23,8.00,40.00,6,0,0),(139,'2018-04-11 20:55:17','2018-04-11 20:55:17',0,86,2,23,2.20,13.20,6,0,0),(140,'2018-04-11 20:55:17','2018-04-11 20:55:17',0,86,1,23,8.00,40.00,6,0,0),(141,'2018-04-11 20:57:16','2018-04-11 20:57:16',0,87,2,23,2.20,13.20,6,0,0),(142,'2018-04-11 20:57:16','2018-04-11 20:57:16',0,87,1,23,8.00,40.00,6,0,0),(143,'2018-04-11 20:59:33','2018-04-11 20:59:33',0,88,2,23,2.20,13.20,6,0,0),(144,'2018-04-11 20:59:33','2018-04-11 20:59:33',0,88,1,23,8.00,40.00,6,0,0),(145,'2018-04-11 21:02:01','2018-04-11 21:02:01',0,89,2,23,2.20,13.20,6,0,0),(146,'2018-04-11 21:02:01','2018-04-11 21:02:01',0,89,1,23,8.00,40.00,6,0,0),(147,'2018-04-11 21:03:13','2018-04-11 21:03:13',0,90,2,23,2.20,13.20,6,0,0),(148,'2018-04-11 21:03:13','2018-04-11 21:03:13',0,90,1,23,8.00,40.00,6,0,0),(149,'2018-04-11 21:07:40','2018-04-11 21:07:40',0,91,2,23,2.20,13.20,6,0,0),(150,'2018-04-11 21:07:40','2018-04-11 21:07:40',0,91,1,23,8.00,40.00,6,0,0),(151,'2018-04-11 21:36:03','2018-04-11 21:36:03',0,92,2,23,2.20,13.20,6,0,0),(152,'2018-04-11 21:36:03','2018-04-11 21:36:03',0,92,1,23,8.00,40.00,6,0,0),(153,'2018-04-11 21:39:26','2018-04-11 21:39:26',0,93,2,23,2.20,13.20,6,0,0),(154,'2018-04-11 21:39:26','2018-04-11 21:39:26',0,93,1,23,8.00,40.00,6,0,0),(165,'2018-04-11 21:47:11','2018-04-11 21:47:11',0,99,2,23,2.20,13.20,6,0,0),(166,'2018-04-11 21:47:11','2018-04-11 21:47:11',0,99,1,23,8.00,40.00,6,0,0),(167,'2018-04-11 21:48:12','2018-04-11 21:48:12',0,100,2,23,2.20,13.20,6,0,0),(168,'2018-04-11 21:48:12','2018-04-11 21:48:12',0,100,1,23,8.00,40.00,6,0,0),(169,'2018-04-11 21:50:05','2018-04-11 21:50:05',0,101,2,23,2.20,13.20,6,0,0),(170,'2018-04-11 21:50:05','2018-04-11 21:50:05',0,101,1,23,8.00,40.00,6,0,0),(171,'2018-04-11 21:59:08','2018-04-11 21:59:08',0,102,2,23,2.20,13.20,6,0,0),(172,'2018-04-11 21:59:08','2018-04-11 21:59:08',0,102,1,23,8.00,40.00,6,0,0),(173,'2018-04-11 22:02:07','2018-04-11 22:02:07',0,103,2,23,2.20,13.20,6,0,0),(174,'2018-04-11 22:02:07','2018-04-11 22:02:07',0,103,1,23,8.00,40.00,6,0,0),(175,'2018-04-17 22:15:11','2018-04-17 22:15:11',0,104,2,23,2.20,17.60,8,0,0),(176,'2018-04-17 22:15:11','2018-04-17 22:15:11',0,104,1,23,8.00,16.00,3,0,0),(177,'2018-04-17 22:22:11','2018-04-17 22:22:11',0,105,2,23,2.20,17.60,8,0,0),(178,'2018-04-17 22:22:11','2018-04-17 22:22:11',0,105,1,23,8.00,16.00,3,0,0),(179,'2018-04-17 22:29:56','2018-04-17 22:29:56',0,106,2,23,2.20,17.60,8,0,0),(180,'2018-04-17 22:29:56','2018-04-17 22:29:56',0,106,1,23,8.00,16.00,3,0,0),(181,'2018-04-17 22:32:38','2018-04-17 22:32:38',0,107,2,23,2.20,17.60,8,0,0),(182,'2018-04-17 22:32:38','2018-04-17 22:32:38',0,107,1,23,8.00,16.00,3,0,0),(183,'2018-04-17 22:33:59','2018-04-17 22:33:59',0,108,2,23,2.20,17.60,8,0,0),(184,'2018-04-17 22:33:59','2018-04-17 22:33:59',0,108,1,23,8.00,16.00,3,0,0),(185,'2018-04-17 22:37:27','2018-04-17 22:37:27',0,109,2,23,2.20,17.60,8,0,0),(186,'2018-04-17 22:37:27','2018-04-17 22:37:27',0,109,1,23,8.00,16.00,3,0,0),(187,'2018-04-18 07:38:56','2018-04-18 07:38:56',0,110,2,23,2.20,17.60,8,0,0),(188,'2018-04-18 07:38:56','2018-04-18 07:38:56',0,110,1,23,8.00,16.00,3,0,0),(195,'2018-04-25 22:05:36','2018-04-25 22:05:36',0,114,2,23,2.20,17.60,8,0,0),(196,'2018-04-25 22:05:36','2018-04-25 22:05:36',0,114,1,23,8.00,96.00,13,0,0),(197,'2018-04-25 22:06:25','2018-04-25 22:06:25',0,115,2,23,2.20,17.60,8,0,0),(198,'2018-04-25 22:06:26','2018-04-25 22:06:26',0,115,1,23,8.00,96.00,13,0,0),(199,'2018-04-26 20:14:33','2018-04-26 20:14:33',0,116,2,23,2.20,17.60,8,0,0),(200,'2018-04-26 20:14:33','2018-04-26 20:14:33',0,116,1,23,8.00,96.00,13,0,0),(201,'2018-04-28 07:30:19','2018-04-28 07:30:19',0,117,2,23,2.20,17.60,8,0,0),(202,'2018-04-28 07:30:19','2018-04-28 07:30:19',0,117,1,23,8.00,13.00,2,0,0),(203,'2018-04-28 07:30:59','2018-04-28 07:30:59',0,118,2,23,2.20,17.60,8,0,0),(204,'2018-04-28 07:30:59','2018-04-28 07:30:59',0,118,1,23,8.00,13.00,2,0,0),(205,'2018-04-28 07:33:12','2018-04-28 07:33:12',0,119,2,23,2.20,17.60,8,0,0),(206,'2018-04-28 07:33:12','2018-04-28 07:33:12',0,119,1,23,8.00,13.00,2,0,0),(207,'2018-04-28 07:33:54','2018-04-28 07:33:54',0,120,2,23,2.20,17.60,8,0,0),(208,'2018-04-28 07:33:54','2018-04-28 07:33:54',0,120,1,23,8.00,13.00,2,0,0),(209,'2018-04-28 07:35:47','2018-04-28 07:35:47',0,121,2,23,2.20,17.60,8,0,0),(210,'2018-04-28 07:35:47','2018-04-28 07:35:47',0,121,1,23,8.00,13.00,2,0,0),(211,'2018-05-06 20:42:08','2018-05-06 20:42:08',0,122,2,23,2.20,17.60,8,0,0),(212,'2018-05-06 20:42:08','2018-05-06 20:42:08',0,122,1,23,8.00,13.00,2,0,0),(213,'2018-05-13 18:59:14','2018-05-13 18:59:14',0,123,250,26,10.20,10.20,1,0,0),(214,'2018-05-13 19:05:13','2018-05-13 19:05:13',0,124,250,26,10.20,10.20,1,0,0),(215,'2018-05-13 19:27:19','2018-05-13 19:27:19',0,125,1,26,8.00,16.00,3,0,0),(216,'2018-05-13 19:27:19','2018-05-13 19:27:19',0,125,250,26,10.20,10.20,1,0,0),(217,'2018-05-13 21:28:22','2018-05-13 21:28:22',0,126,326,27,37.50,37.50,1,0,0),(218,'2018-05-13 21:28:22','2018-05-13 21:28:22',0,126,1,27,8.00,24.00,4,0,0);
/*!40000 ALTER TABLE `OrderItem` ENABLE KEYS */;
UNLOCK TABLES;

--
-- Table structure for table `PayMethod`
--

DROP TABLE IF EXISTS `PayMethod`;
/*!40101 SET @saved_cs_client     = @@character_set_client */;
/*!40101 SET character_set_client = utf8 */;
CREATE TABLE `PayMethod` (
  `id` int(11) NOT NULL AUTO_INCREMENT,
  `create_date` datetime DEFAULT NULL,
  `update_date` datetime DEFAULT CURRENT_TIMESTAMP,
  `deleted` tinyint(1) DEFAULT '0',
  `code` varchar(15) DEFAULT NULL,
  `name` varchar(20) DEFAULT NULL,
  `url` varchar(100) DEFAULT NULL,
  `is_primary` tinyint(1) DEFAULT '0',
  `order_num` tinyint(1) DEFAULT NULL,
  `parent_id` int(11) DEFAULT NULL,
  `parent_code` char(7) DEFAULT 'online' COMMENT 'online or offline',
  `icon` varchar(100) DEFAULT NULL,
  PRIMARY KEY (`id`)
) ENGINE=InnoDB AUTO_INCREMENT=19 DEFAULT CHARSET=utf8;
/*!40101 SET character_set_client = @saved_cs_client */;

--
-- Dumping data for table `PayMethod`
--

LOCK TABLES `PayMethod` WRITE;
/*!40000 ALTER TABLE `PayMethod` DISABLE KEYS */;
INSERT INTO `PayMethod` VALUES (1,NULL,NULL,0,'online','在线支付',NULL,1,1,NULL,'',NULL),(2,NULL,NULL,0,'offline','货到付款',NULL,0,2,NULL,'',NULL),(3,NULL,NULL,0,'alipay','支付宝','http://localhost:8080/myshop/pay_mock',1,1,1,'online','/resources/img/bank/alipay.png'),(12,'2016-05-01 16:41:56','2016-05-01 16:41:56',0,'ABC-NET','中国农业银行',NULL,0,1,1,'online','/resources/img/bank/bankabc.gif'),(13,'2016-05-01 16:41:56','2016-05-01 16:41:56',0,'CCB-NET','建设银行',NULL,0,2,1,'online','/resources/img/bank/bankccb.gif'),(14,'2016-05-01 16:41:56','2016-05-01 16:41:56',0,'CMBCHINA-NET','招商银行',NULL,0,3,1,'online','/resources/img/bank/bankcmb.gif'),(15,'2016-05-01 16:41:56','2016-05-01 16:41:56',0,'ICBC-NET','中国工商银行',NULL,0,4,1,'online','/resources/img/bank/bankicbc.gif'),(16,'2016-05-01 16:41:56','2016-05-01 16:41:56',0,'BOCO-NET','交通银行',NULL,0,5,1,'online','/resources/img/bank/bankbcc.gif'),(17,'2016-05-01 16:41:56','2016-05-01 16:41:56',0,'CIB-NET','兴业银行',NULL,0,6,1,'online','/resources/img/bank/bankcib.gif'),(18,'2016-05-01 16:41:56','2016-05-01 16:41:56',0,'CMBC-NET','中国民生银行',NULL,0,7,1,'online','/resources/img/bank/bankcmbc.gif');
/*!40000 ALTER TABLE `PayMethod` ENABLE KEYS */;
UNLOCK TABLES;

--
-- Table structure for table `Product`
--

DROP TABLE IF EXISTS `Product`;
/*!40101 SET @saved_cs_client     = @@character_set_client */;
/*!40101 SET character_set_client = utf8 */;
CREATE TABLE `Product` (
  `id` char(8) NOT NULL,
  `create_date` datetime DEFAULT CURRENT_TIMESTAMP,
  `update_date` datetime DEFAULT CURRENT_TIMESTAMP,
  `deleted` tinyint(1) DEFAULT '0',
  `pg_id` int(11) DEFAULT NULL,
  `name` varchar(45) DEFAULT NULL,
  `image_path` varchar(255) DEFAULT NULL,
  `specs` varchar(100) DEFAULT NULL,
  PRIMARY KEY (`id`),
  UNIQUE KEY `id_UNIQUE` (`id`)
) ENGINE=InnoDB DEFAULT CHARSET=utf8;
/*!40101 SET character_set_client = @saved_cs_client */;

--
-- Dumping data for table `Product`
--

LOCK TABLES `Product` WRITE;
/*!40000 ALTER TABLE `Product` DISABLE KEYS */;
INSERT INTO `Product` VALUES ('1','2018-04-08 20:27:38','2018-04-08 20:27:38',0,1,'益达木糖醇洁白无糖口香糖56g','http://7xie1a.com1.z0.glb.clouddn.com//images/product/1/201505/thumb_img/1_thumb_P_1430900152532.jpg','[{\"option\":\"重量\",\"value\":\"50g\"},{\"option\":\"口味\",\"value\":\"非常好吃的黄瓜味儿的\"},{\"option\":\"套装\",\"value\":\"瓶装\"}]'),('134','2018-04-08 20:27:38','2018-04-08 20:27:38',0,134,'济州岛泡菜味海苔15g','http://7xie1a.com1.z0.glb.clouddn.com//images/product/134/201509/thumb_img/11397_thumb_P_14411650365.jpg','[]'),('135','2018-04-08 20:27:38','2018-04-08 20:27:38',0,135,'济州岛芥末味海苔15g','http://7xie1a.com1.z0.glb.clouddn.com//images/product/135/201504/thumb_img/11398_thumb_P_14297826932.jpg','[]'),('136','2018-04-08 20:27:38','2018-04-08 20:27:38',0,136,'韩国芥末味海苔20g','http://7xie1a.com1.z0.glb.clouddn.com//images/product/136/201509/thumb_img/11399_thumb_P_14411650371.jpg','[]'),('137','2018-04-08 20:27:38','2018-04-08 20:27:38',0,137,'韩国鱿鱼味味海苔20g','http://7xie1a.com1.z0.glb.clouddn.com//images/product/137/201509/thumb_img/11400_thumb_P_14411650387.jpg','[]'),('148','2018-04-08 20:27:38','2018-04-08 20:27:38',0,148,'Big Foot牌水果味彩虹棒棒糖100g','http://7xie1a.com1.z0.glb.clouddn.com//images/product/148/201505/thumb_img/11466_thumb_P_14328665617.jpg','[]'),('149','2018-04-08 20:27:38','2018-04-08 20:27:38',0,149,'Hello Kitty果汁软糖芒果味（直身造型罐）80g','http://7xie1a.com1.z0.glb.clouddn.com//images/product/149/201509/thumb_img/11474_thumb_P_14416168298.jpg','[]'),('150','2018-04-08 20:27:38','2018-04-08 20:27:38',0,150,'巧妈妈果町新语益生菌可吸果冻（水蜜桃味）90g*3','http://7xie1a.com1.z0.glb.clouddn.com//images/product/150/201505/thumb_img/11481_thumb_P_14328665738.jpg','[]'),('164','2018-04-08 20:27:38','2018-04-08 20:27:38',0,164,'巧妈妈益生菌果町新语可吸果冻（菠萝味）270g','http://7xie1a.com1.z0.glb.clouddn.com//images/product/164/201506/thumb_img/11506_thumb_P_14333921359.jpg','[]'),('190','2018-04-08 20:27:38','2018-04-08 20:27:38',0,190,'ZEK原味海苔12（5g*3包）','http://7xie1a.com1.z0.glb.clouddn.com//images/product/190/201507/thumb_img/11587_thumb_P_14363395956.jpg','[]'),('191','2018-04-08 20:27:38','2018-04-08 20:27:38',0,191,'ZEK葡萄籽油烤海苔12g','http://7xie1a.com1.z0.glb.clouddn.com//images/product/191/201507/thumb_img/11588_thumb_P_14363395963.jpg','[]'),('2','2018-04-08 20:27:38','2018-04-08 20:27:38',0,2,'YUPI大热狗软糖32g','http://7xie1a.com1.z0.glb.clouddn.com//images/product/2/201504/thumb_img/10111_thumb_P_1429237277956.jpg','[]'),('20','2018-04-08 20:27:38','2018-04-08 20:27:38',0,20,'淘吉爱黛儿膳食纤维冻饮芒果味果冻245g','http://7xie1a.com1.z0.glb.clouddn.com//images/product/20/201504/thumb_img/10717_thumb_P_142906669374.jpg','[]'),('21','2018-04-08 20:27:38','2018-04-08 20:27:38',0,21,'淘吉爱黛儿膳食纤维冻饮蜜桃味果冻245g','http://7xie1a.com1.z0.glb.clouddn.com//images/product/21/201504/thumb_img/10718_thumb_P_142906669340.jpg','[]'),('211','2018-04-08 20:27:38','2018-04-08 20:27:38',0,211,'绿箭口香糖（混合味）64g','http://7xie1a.com1.z0.glb.clouddn.com//images/product/211/201504/thumb_img/13_thumb_P_1430288186332..jpg','[]'),('214','2018-04-08 20:27:38','2018-04-08 20:27:38',0,214,'好丽友粒粒出缤纷水果味101g','http://7xie1a.com1.z0.glb.clouddn.com//images/product/214/201504/thumb_img/1489_thumb_P_143028816555.jpg','[]'),('22','2018-04-08 20:27:38','2018-04-08 20:27:38',0,22,'淘吉爱黛儿膳食纤维冻饮葡萄味果冻245g','http://7xie1a.com1.z0.glb.clouddn.com//images/product/22/201504/thumb_img/10719_thumb_P_142906669440.jpg','[]'),('232','2018-04-08 20:27:38','2018-04-08 20:27:38',0,232,'曼妥思透爽夹心无糖口香糖青柠薄荷味56g','http://7xie1a.com1.z0.glb.clouddn.com//images/product/232/201504/thumb_img/2799_thumb_P_143028818731.jpg','[]'),('233','2018-04-08 20:27:38','2018-04-08 20:27:38',0,233,'曼妥思清劲夹心无糖口香糖清新薄荷味56g','http://7xie1a.com1.z0.glb.clouddn.com//images/product/233/201504/thumb_img/2801_thumb_P_143028818748.jpg','[]'),('234','2018-04-08 20:27:38','2018-04-08 20:27:38',0,234,'LOT100百分百什锦果汁软糖150g','http://7xie1a.com1.z0.glb.clouddn.com//images/product/234/201108/thumb_img/2927_thumb_P_131408714030.jpg','[]'),('235','2018-04-08 20:27:38','2018-04-08 20:27:38',0,235,'好利源脆皮软糖鲜乳球西瓜味320g','http://7xie1a.com1.z0.glb.clouddn.com//images/product/235/201505/thumb_img/2931_thumb_P_143090015726.jpg','[]'),('237','2018-04-08 20:27:38','2018-04-08 20:27:38',0,1,'益达木糖醇无糖口香糖（哈蜜瓜味）56g','http://7xie1a.com1.z0.glb.clouddn.com//images/product/237/201505/thumb_img/3_thumb_P_1430900152054.j.jpg','[]'),('239','2018-04-08 20:27:38','2018-04-08 20:27:38',0,239,'爱亿华抹茶夹心棉花糖90g','http://7xie1a.com1.z0.glb.clouddn.com//images/product/239/201504/thumb_img/3098_thumb_P_143028816652.jpg','[]'),('24','2018-04-08 20:27:38','2018-04-08 20:27:38',0,24,'可康大杯哈密瓜味果冻420g','http://7xie1a.com1.z0.glb.clouddn.com//images/product/24/201505/thumb_img/10728_thumb_P_143090017970.jpg','[]'),('248','2018-04-08 20:27:38','2018-04-08 20:27:38',0,248,'不二家清爽型棒棒糖125g','http://7xie1a.com1.z0.glb.clouddn.com//images/product/248/201504/thumb_img/3960_thumb_P_142906663842.jpg','[]'),('249','2018-04-08 20:27:38','2018-04-08 20:27:38',0,249,'不二家牛奶棒棒糖（香醇牛奶味+乳酸牛奶味）116g','http://7xie1a.com1.z0.glb.clouddn.com//images/product/249/201505/thumb_img/3961_thumb_P_143090015711.jpg','[]'),('250','2018-04-08 20:27:38','2018-04-08 20:27:38',0,1,'益达木糖醇无糖口香糖（香橙味）56g','http://7xie1a.com1.z0.glb.clouddn.com//images/product/250/201505/thumb_img/4_thumb_P_1430900153337.j.jpg','[]'),('256','2018-04-08 20:27:38','2018-04-08 20:27:38',0,256,'不二家清爽型棒棒糖8支装50g','http://7xie1a.com1.z0.glb.clouddn.com//images/product/256/201504/thumb_img/413_thumb_P_1429237265871.jpg','[]'),('257','2018-04-08 20:27:38','2018-04-08 20:27:38',0,257,'不二家棒棒糖（草莓牛奶味芒果牛奶味8支装）46g','http://7xie1a.com1.z0.glb.clouddn.com//images/product/257/201504/thumb_img/415_thumb_P_1429066601600.jpg','[]'),('261','2018-04-08 20:27:38','2018-04-08 20:27:38',0,261,'森和园夹心棉花糖（彩条）100g','http://7xie1a.com1.z0.glb.clouddn.com//images/product/261/201505/thumb_img/4342_thumb_P_143090015831.jpg','[]'),('266','2018-04-08 20:27:38','2018-04-08 20:27:38',0,266,'韩美禾橄榄油海苔2g*10','http://7xie1a.com1.z0.glb.clouddn.com//images/product/266/201209/thumb_img/5091_thumb_P_134683624250.jpg','[]'),('267','2018-04-08 20:27:38','2018-04-08 20:27:38',0,267,'韩美禾海苔三联包5g*3','http://7xie1a.com1.z0.glb.clouddn.com//images/product/267/201504/thumb_img/5092_thumb_P_142906673864.jpg','[]'),('279','2018-04-08 20:27:38','2018-04-08 20:27:38',0,279,'盛香珍可爱狗狗布丁630g','http://7xie1a.com1.z0.glb.clouddn.com//images/product/279/201507/thumb_img/5525_thumb_P_143582257533.jpg','[]'),('288','2018-04-08 20:27:38','2018-04-08 20:27:38',0,1,'益达木糖醇无糖口香糖（西瓜味）56g','http://7xie1a.com1.z0.glb.clouddn.com//images/product/288/201505/thumb_img/6_thumb_P_1430900169650.j.jpg','[]'),('29','2018-04-08 20:27:38','2018-04-08 20:27:38',0,29,'品绮台灣歡樂超級棒棒糖135g','http://7xie1a.com1.z0.glb.clouddn.com//images/product/29/201504/thumb_img/11036_thumb_P_142906670077.jpg','[]'),('291','2018-04-08 20:27:38','2018-04-08 20:27:38',0,291,'巧妈妈果町新语鸡蛋布甸优酪果冻264g','http://7xie1a.com1.z0.glb.clouddn.com//images/product/291/201504/thumb_img/6692_thumb_P_142906665164.jpg','[]'),('292','2018-04-08 20:27:38','2018-04-08 20:27:38',0,292,'巧妈妈果町新语香兰奇异果果汁果冻125g*2','http://7xie1a.com1.z0.glb.clouddn.com//images/product/292/201505/thumb_img/6700_thumb_P_143090017457.jpg','[]'),('293','2018-04-08 20:27:38','2018-04-08 20:27:38',0,293,'巧妈妈奇异果果汁果冻香兰味125g','http://7xie1a.com1.z0.glb.clouddn.com//images/product/293/201504/thumb_img/6705_thumb_P_142906665464.jpg','[]'),('296','2018-04-08 20:27:38','2018-04-08 20:27:38',0,296,'卡力多缤纷果汁水果粒120g','http://7xie1a.com1.z0.glb.clouddn.com//images/product/296/201505/thumb_img/7287_thumb_P_143090016021.jpg','[]'),('297','2018-04-08 20:27:38','2018-04-08 20:27:38',0,297,'卡力多缤纷果汁软糖120g','http://7xie1a.com1.z0.glb.clouddn.com//images/product/297/201504/thumb_img/7288_thumb_P_142906665849.jpg','[]'),('298','2018-04-08 20:27:38','2018-04-08 20:27:38',0,298,'卡力多动物形棉花糖64g','http://7xie1a.com1.z0.glb.clouddn.com//images/product/298/201505/thumb_img/7291_thumb_P_143090016041.jpg','[]'),('3','2018-04-08 20:27:38','2018-04-08 20:27:38',0,3,'巧妈妈鸡蛋布甸优酪果冻125g','http://7xie1a.com1.z0.glb.clouddn.com//images/product/3/201507/thumb_img/10171_thumb_P_1436771726570.jpg','[{\"option\":\"重量\",\"value\":\"100g\"},{\"option\":\"口味\",\"value\":\"柠檬香梨\"},{\"option\":\"套装\",\"value\":\"盒装\"}]'),('30','2018-04-08 20:27:38','2018-04-08 20:27:38',0,30,'品绮台灣葡萄棒棒糖135g','http://7xie1a.com1.z0.glb.clouddn.com//images/product/30/201505/thumb_img/11037_thumb_P_143090016543.jpg','[]'),('306','2018-04-08 20:27:38','2018-04-08 20:27:38',0,306,'萱萱优酪布甸果冻黑加伦味320g','http://7xie1a.com1.z0.glb.clouddn.com//images/product/306/201504/thumb_img/7805_thumb_P_142906666518.jpg','[]'),('307','2018-04-08 20:27:38','2018-04-08 20:27:38',0,307,'海牌海苔20g','http://7xie1a.com1.z0.glb.clouddn.com//images/product/307/201504/thumb_img/819_thumb_P_1429066608792.jpg','[]'),('31','2018-04-08 20:27:38','2018-04-08 20:27:38',0,31,'品绮台灣草莓味棒棒糖135g','http://7xie1a.com1.z0.glb.clouddn.com//images/product/31/201505/thumb_img/11038_thumb_P_143090016662.jpg','[]'),('311','2018-04-08 20:27:38','2018-04-08 20:27:38',0,311,'润谷筒装果汁软糖杂果味75g','http://7xie1a.com1.z0.glb.clouddn.com//images/product/311/201504/thumb_img/8262_thumb_P_142923727431.jpg','[]'),('312','2018-04-08 20:27:38','2018-04-08 20:27:38',0,312,'巧妈妈果町新语优酪果冻芒果荔枝味384g','http://7xie1a.com1.z0.glb.clouddn.com//images/product/312/201504/thumb_img/8265_thumb_P_142906666798.jpg','[]'),('314','2018-04-08 20:27:38','2018-04-08 20:27:38',0,314,'巧妈妈果町新语香蕉牛奶布甸果冻95g*2','http://7xie1a.com1.z0.glb.clouddn.com//images/product/314/201505/thumb_img/8307_thumb_P_143090017655.jpg','[]'),('317','2018-04-08 20:27:38','2018-04-08 20:27:38',0,317,'小老板紫菜辣味盒装36g','http://7xie1a.com1.z0.glb.clouddn.com//images/product/317/201408/thumb_img/8343_thumb_P_140772773995.jpg','[]'),('319','2018-04-08 20:27:38','2018-04-08 20:27:38',0,319,'淘吉胶原蛋白果汁果冻250g(125g*2)','http://7xie1a.com1.z0.glb.clouddn.com//images/product/319/201504/thumb_img/8378_thumb_P_143028819451.jpg','[]'),('32','2018-04-08 20:27:38','2018-04-08 20:27:38',0,32,'品绮台灣水果味棒棒糖135g','http://7xie1a.com1.z0.glb.clouddn.com//images/product/32/201504/thumb_img/11039_thumb_P_143028817907.jpg','[]'),('323','2018-04-08 20:27:38','2018-04-08 20:27:38',0,323,'托马斯葡萄脆皮软糖120g','http://7xie1a.com1.z0.glb.clouddn.com//images/product/323/201504/thumb_img/8609_thumb_P_143028817432.jpg','[]'),('325','2018-04-08 20:27:38','2018-04-08 20:27:38',0,325,'托马斯牛奶钙脆皮软糖120g','http://7xie1a.com1.z0.glb.clouddn.com//images/product/325/201507/thumb_img/8693_thumb_P_143831004708.jpg','[]'),('326','2018-04-08 20:27:38','2018-04-08 20:27:38',0,1,'托马斯鱼肝油脆皮软糖120g','http://7xie1a.com1.z0.glb.clouddn.com//images/product/326/201507/thumb_img/8694_thumb_P_143831004715.jpg','[{\"option\":\"重量\",\"value\":\"50g\"},{\"option\":\"口味\",\"value\":\"柠檬香梨\"},{\"option\":\"套装\",\"value\":\"瓶装\"}]'),('328','2018-04-08 20:27:38','2018-04-08 20:27:38',0,1,'益达木糖醇无糖口香糖（柠檬香梨味）56g','http://7xie1a.com1.z0.glb.clouddn.com//images/product/328/201505/thumb_img/9_thumb_P_1430900170846.j.jpg','[]'),('329','2018-04-08 20:27:38','2018-04-08 20:27:38',0,1,'益达木糖醇洁白无糖口香糖100g','http://7xie1a.com1.z0.glb.clouddn.com//images/product/351/product/351/upload/pg/283/product/351/S_78.jpg','[{\"option\":\"重量\",\"value\":\"100g\"},{\"option\":\"口味\",\"value\":\"柠檬香梨\"},{\"option\":\"套装\",\"value\":\"瓶装\"}]'),('33','2018-04-08 20:27:38','2018-04-08 20:27:38',0,33,'品绮台灣足球造型棒棒糖135g','http://7xie1a.com1.z0.glb.clouddn.com//images/product/33/201504/thumb_img/11040_thumb_P_142906670037.jpg','[]'),('351','2018-04-08 20:27:38','2018-04-08 20:27:38',0,2,'康恩贝养营堂螺旋藻软心','http://7xie1a.com1.z0.glb.clouddn.com//images/product/351/upload/pg/283/product/351/S_baf1ad2f-0b34-.jpg','[]'),('380','2018-05-13 19:25:13','2018-05-13 19:25:13',0,376,'弗列罗巧克力 黑色 正方形',NULL,'[]'),('381','2018-05-13 19:25:14','2018-05-13 19:25:14',0,376,'弗列罗巧克力 蓝色 正方形',NULL,'[]'),('382','2018-05-13 19:25:13','2018-05-13 19:25:13',0,376,'弗列罗巧克力 蓝色 圆形',NULL,'[]'),('387','2018-05-13 19:25:14','2018-05-13 19:25:14',0,380,'弗列罗巧克力 黑色 圆形',NULL,'[{\"option\":\"颜色\",\"value\":\"黑色\"},{\"option\":\"形状\",\"value\":\"圆形\"}]'),('388','2018-05-13 19:25:14','2018-05-13 19:25:14',0,380,'弗列罗巧克力 黑色 正方形',NULL,'[{\"option\":\"颜色\",\"value\":\"黑色\"},{\"option\":\"形状\",\"value\":\"正方形\"}]'),('389','2018-05-13 19:25:14','2018-05-13 19:25:14',0,380,'弗列罗巧克力 蓝色 圆形',NULL,'[{\"option\":\"颜色\",\"value\":\"蓝色\"},{\"option\":\"形状\",\"value\":\"圆形\"}]'),('397','2018-05-13 19:25:13','2018-05-13 19:25:13',0,384,'我的巧克力 黑色 圆形',NULL,'[{\"option\":\"颜色\",\"value\":\"黑色\"},{\"option\":\"形状\",\"value\":\"圆形\"}]'),('398','2018-05-13 19:25:14','2018-05-13 19:25:14',0,384,'我的巧克力 白色 圆形',NULL,'[{\"option\":\"形状\",\"value\":\"圆形\"}]'),('399','2018-05-13 19:25:14','2018-05-13 19:25:14',0,384,'我的巧克力 白色 方形',NULL,'[{\"option\":\"颜色\",\"value\":\"白色\"},{\"option\":\"形状\",\"value\":\"方形\"}]'),('4','2018-04-08 20:27:38','2018-04-08 20:27:38',0,4,'巧妈妈果町新语布甸果冻抹茶味165g','http://7xie1a.com1.z0.glb.clouddn.com//images/product/4/201507/thumb_img/10221_thumb_P_1436772331905.jpg','[]'),('5','2018-04-08 20:27:38','2018-04-08 20:27:38',0,5,'巧妈妈香蕉牛奶布甸果冻165g','http://7xie1a.com1.z0.glb.clouddn.com//images/product/5/201504/thumb_img/10222_thumb_P_1429066681209.jpg','[]'),('52','2018-04-08 20:27:38','2018-04-08 20:27:38',0,52,'弘益辣味海苔脆片40g','http://7xie1a.com1.z0.glb.clouddn.com//images/product/52/201505/thumb_img/11196_thumb_P_143202565546.jpg','[]'),('53','2018-04-08 20:27:38','2018-04-08 20:27:38',0,53,'弘益杏仁海苔脆片40g','http://7xie1a.com1.z0.glb.clouddn.com//images/product/53/201504/thumb_img/11198_thumb_P_142906674494.jpg','[]'),('6','2018-04-08 20:27:38','2018-04-08 20:27:38',0,6,'口力午餐橡皮糖77g','http://7xie1a.com1.z0.glb.clouddn.com//images/product/6/201505/thumb_img/10282_thumb_P_1430900163576.jpg','[]'),('78','2018-04-08 20:27:38','2018-04-08 20:27:38',0,78,'巧益牌黑糖棒棒糖140g','http://7xie1a.com1.z0.glb.clouddn.com//images/product/78/201507/thumb_img/11304_thumb_P_143831007261.jpg','[]'),('79','2018-04-08 20:27:38','2018-04-08 20:27:38',0,79,'巧益牌绿苶棒棒糖140g','http://7xie1a.com1.z0.glb.clouddn.com//images/product/79/201504/thumb_img/11305_thumb_P_142978266393.jpg','[]'),('8','2018-04-08 20:27:38','2018-04-08 20:27:38',0,8,'口力汉堡橡皮糖108g','http://7xie1a.com1.z0.glb.clouddn.com//images/product/8/201505/thumb_img/10350_thumb_P_1430900165508.jpg','[]'),('80','2018-04-08 20:27:38','2018-04-08 20:27:38',0,80,'巧益牌芒果棒棒糖140g','http://7xie1a.com1.z0.glb.clouddn.com//images/product/80/201504/thumb_img/11306_thumb_P_142978266372.jpg','[]'),('81','2018-04-08 20:27:38','2018-04-08 20:27:38',0,81,'巧益牌原味棒棒糖140g','http://7xie1a.com1.z0.glb.clouddn.com//images/product/81/201504/thumb_img/11307_thumb_P_142978266410.jpg','[]'),('84','2018-04-08 20:27:38','2018-04-08 20:27:38',0,84,'好丽友木糖醇3+无糖口香糖花香口味101g','http://7xie1a.com1.z0.glb.clouddn.com//images/product/84/201504/thumb_img/11314_thumb_P_142978266675.jpg','[]'),('85','2018-04-08 20:27:38','2018-04-08 20:27:38',0,85,'曼妥思冻感粒方无糖口香糖瓶装葡萄口味46g','http://7xie1a.com1.z0.glb.clouddn.com//images/product/85/201504/thumb_img/11315_thumb_P_142978266659.jpg','[]'),('86','2018-04-08 20:27:38','2018-04-08 20:27:38',0,86,'曼妥思冻感粒方无糖口香糖瓶装薄荷口味46g','http://7xie1a.com1.z0.glb.clouddn.com//images/product/86/201504/thumb_img/11316_thumb_P_142978266743.jpg','[]'),('87','2018-04-08 20:27:38','2018-04-08 20:27:38',0,87,'曼妥思冻感粒方无糖口香糖瓶装热列果口味46g','http://7xie1a.com1.z0.glb.clouddn.com//images/product/87/201504/thumb_img/11317_thumb_P_142978266702.jpg','[]'),('88','2018-04-08 20:27:38','2018-04-08 20:27:38',0,88,'曼妥思冻感粒方无糖口香糖瓶装橘柚味46g','http://7xie1a.com1.z0.glb.clouddn.com//images/product/88/201504/thumb_img/11318_thumb_P_142978266815.jpg','[]'),('89','2018-04-08 20:27:38','2018-04-08 20:27:38',0,1,'益达木糖醇无糖口香糖（清爽草莓味）98g','http://7xie1a.com1.z0.glb.clouddn.com//images/product/89/201504/thumb_img/11319_thumb_P_142978266940.jpg','[]');
/*!40000 ALTER TABLE `Product` ENABLE KEYS */;
UNLOCK TABLES;
/*!40103 SET TIME_ZONE=@OLD_TIME_ZONE */;

/*!40101 SET SQL_MODE=@OLD_SQL_MODE */;
/*!40014 SET FOREIGN_KEY_CHECKS=@OLD_FOREIGN_KEY_CHECKS */;
/*!40014 SET UNIQUE_CHECKS=@OLD_UNIQUE_CHECKS */;
/*!40101 SET CHARACTER_SET_CLIENT=@OLD_CHARACTER_SET_CLIENT */;
/*!40101 SET CHARACTER_SET_RESULTS=@OLD_CHARACTER_SET_RESULTS */;
/*!40101 SET COLLATION_CONNECTION=@OLD_COLLATION_CONNECTION */;
/*!40111 SET SQL_NOTES=@OLD_SQL_NOTES */;

-- Dump completed on 2018-05-13 21:55:42
